time,latitude,longitude,depth,mag,magType,nst,gap,dmin,rms,net,id,updated,place,type,horizontalError,depthError,magError,magNst,status,locationSource,magSource
2021-04-19T23:58:22.422Z,0.1783,96.5403,10,6,mww,,34,1.523,0.93,us,us6000e30x,2021-04-20T02:07:41.658Z,"255 km S of Sinabang, Indonesia",earthquake,7.3,1.8,0.083,14,reviewed,us,us
2021-04-18T14:14:36.744Z,23.8717,121.5344,10,5.8,mww,,36,0.305,0.7,us,us6000e2mv,2021-04-19T23:57:36.160Z,"13 km SSW of Hualien City, Taiwan",earthquake,4.2,1.8,0.054,33,reviewed,us,us
2021-04-18T06:41:49.928Z,29.7931,50.6793,8,5.8,mww,,21,6.762,0.93,us,us6000e2k3,2021-04-20T07:02:16.283Z,"28 km NNE of Bandar-e Genāveh, Iran",earthquake,7.2,1.8,0.055,32,reviewed,us,us
2021-04-18T00:29:25.038Z,38.2705,141.8347,31.29,5.6,mb,,40,2.585,0.78,us,us6000e2hq,2021-04-19T00:35:44.512Z,"49 km ESE of Ishinomaki, Japan",earthquake,6.5,4.3,0.048,150,reviewed,us,us
2021-04-18T00:29:12.499Z,38.3584,141.9073,51.69,5.6,mww,,40,2.513,0.81,us,us6000e2hf,2021-04-20T16:59:29.040Z,"53 km E of Ishinomaki, Japan",earthquake,6.6,5.3,0.066,22,reviewed,us,us
2021-04-14T10:55:15.094Z,0.2114,96.652,10,5.5,mww,,57,1.424,0.78,us,us6000e1g3,2021-04-15T10:58:42.347Z,"252 km S of Sinabang, Indonesia",earthquake,7,1.8,0.063,24,reviewed,us,us
2021-04-14T04:33:29.184Z,1.8614,-100.994,10,5.7,mww,,32,15.579,0.64,us,us6000e1ec,2021-04-15T14:34:25.040Z,"Galapagos Triple Junction region",earthquake,8.7,1.8,0.057,30,reviewed,us,us
2021-04-10T11:38:32.429Z,-3.4527,145.7212,10,6,mww,,44,2.158,1.11,us,us6000e0lk,2021-04-15T14:44:00.040Z,"195 km N of Madang, Papua New Guinea",earthquake,4.6,1.8,0.052,35,reviewed,us,us
2021-04-10T09:30:44.075Z,4.1069,124.6681,311.31,6.1,mww,,21,3.079,1.26,us,us6000e0k5,2021-04-12T10:00:54.592Z,"168 km SSW of Sarangani, Philippines",earthquake,7.3,5.1,0.041,57,reviewed,us,us
2021-04-10T07:14:02.051Z,-62.4009,-58.3064,10,5.5,mww,,90,0.233,0.52,us,us6000e0j2,2021-04-11T07:18:26.543Z,"South Shetland Islands",earthquake,3.5,1.8,0.089,12,reviewed,us,us
2021-04-10T07:00:17.391Z,-8.5622,112.519,82.28,6,mww,,26,1.617,1.15,us,us6000e0iy,2021-04-12T10:34:57.247Z,"44 km SSW of Gongdanglegi Kulon, Indonesia",earthquake,6.9,5.5,0.078,16,reviewed,us,us
2021-04-08T17:10:18.765Z,63.2075,-148.5817,77.7,5.5,mww,,,,0.73,ak,ak0214icukav,2021-04-19T17:20:28.734Z,"27 km SE of Cantwell, Alaska",earthquake,,0.5,,,reviewed,ak,ak
2021-04-07T18:48:00.953Z,-28.8376,-176.5327,10,5.6,mww,,59,15.497,0.86,us,us6000dzt8,2021-04-10T23:55:39.040Z,"Kermadec Islands region",earthquake,11.8,1.8,0.098,10,reviewed,us,us
2021-04-07T09:53:28.894Z,-29.1007,-176.6725,10,6,mww,,28,10.803,1.38,us,us6000dzlv,2021-04-08T09:56:30.069Z,"Kermadec Islands region",earthquake,11.4,1.9,0.093,11,reviewed,us,us
2021-04-07T05:13:15.784Z,-3.6213,153.9878,437.17,5.6,mww,,78,1.906,0.95,us,us6000dzkn,2021-04-15T15:10:02.040Z,"206 km ENE of Kokopo, Papua New Guinea",earthquake,10.6,6.3,0.058,29,reviewed,us,us
2021-04-06T08:16:15.778Z,-29.5222,-176.9379,10,5.7,mww,,70,0.908,1.26,us,us6000dzd6,2021-04-09T06:11:05.761Z,"Kermadec Islands region",earthquake,5.8,1.7,0.051,37,reviewed,us,us
2021-04-05T07:37:50.686Z,-37.5205,179.6745,10,6,mww,,54,1.088,0.57,us,us6000dz3c,2021-04-10T23:39:11.964Z,"193 km NE of Gisborne, New Zealand",earthquake,6.6,1.8,0.093,11,reviewed,us,us
2021-04-03T20:26:00.609Z,-8.7907,67.6317,10,5.6,mww,,55,4.965,0.66,us,us6000dytb,2021-04-18T02:06:33.602Z,"Mid-Indian Ridge",earthquake,5.6,1.7,0.073,18,reviewed,us,us
2021-04-03T18:42:01.175Z,-5.1256,128.1473,326,5.9,mww,,10,4.225,0.9,us,us6000dysl,2021-04-09T15:58:34.376Z,"158 km S of Ambon, Indonesia",earthquake,6.4,1.8,0.039,62,reviewed,us,us
2021-04-03T01:16:39.883Z,-57.9898,-7.8147,10,6.6,mww,,36,13.892,1.25,us,us6000dynd,2021-04-04T01:20:05.970Z,"east of the South Sandwich Islands",earthquake,9.7,1.7,0.05,39,reviewed,us,us
2021-04-01T22:10:11.321Z,-30.0234,-177.4672,10,5.6,mww,,36,0.873,0.49,us,us6000dydn,2021-04-11T21:24:22.050Z,"Kermadec Islands, New Zealand",earthquake,3.9,1.7,0.063,24,reviewed,us,us
2021-04-01T15:11:18.126Z,-21.8027,-179.3845,593.89,6,mww,,18,4.702,0.79,us,us6000dy9x,2021-04-06T14:25:54.645Z,"Fiji region",earthquake,9.2,3.1,0.066,22,reviewed,us,us
2021-04-01T09:56:37.576Z,-29.9502,-177.6507,20,6.5,mww,,30,0.743,1.44,us,us6000dy64,2021-04-14T18:58:31.040Z,"Kermadec Islands, New Zealand",earthquake,7.8,1.8,0.069,20,reviewed,us,us
2021-03-30T21:35:48.696Z,-35.3756,-106.0368,10,5.5,mww,,100,8.689,0.68,us,us6000dxr3,2021-04-08T02:49:24.207Z,"southern East Pacific Rise",earthquake,12.1,1.8,0.083,14,reviewed,us,us
2021-03-29T17:27:23.269Z,34.3549,87.6921,8,5.5,mww,,46,5.478,0.73,us,us6000dxge,2021-04-12T21:22:20.471Z,"western Xizang",earthquake,7.4,1.7,0.093,11,reviewed,us,us
2021-03-28T23:01:46.554Z,43.6944,-28.8062,10,5.9,mww,,18,6.426,0.63,us,us6000dx92,2021-03-30T14:44:31.654Z,"northern Mid-Atlantic Ridge",earthquake,7.3,1.7,0.038,67,reviewed,us,us
2021-03-28T00:26:55.823Z,33.6348,140.263,40,5.7,mww,,18,0.64,0.84,us,us6000dx32,2021-04-09T02:48:50.861Z,"153 km SSE of Tateyama, Japan",earthquake,6.9,1.8,0.052,35,reviewed,us,us
2021-03-27T13:47:55.267Z,42.4479,16.0496,7,5.5,mww,,30,1.651,0.88,us,us6000dx0m,2021-04-19T13:47:29.843Z,"55 km N of Peschici, Italy",earthquake,4.6,1.8,0.043,53,reviewed,us,us
2021-03-26T22:02:16.756Z,26.1153,125.0964,153,5.9,mww,,16,2.501,0.82,us,us6000dww9,2021-04-18T06:31:21.364Z,"146 km N of Hirara, Japan",earthquake,6,1.3,0.046,46,reviewed,us,us
2021-03-26T21:12:13.527Z,-62.4047,-161.2509,10,5.5,mww,,132,18.462,1.09,us,us6000dwvy,2021-03-28T19:15:10.450Z,"Pacific-Antarctic Ridge",earthquake,13.9,1.7,0.098,10,reviewed,us,us
2021-03-26T21:03:27.967Z,-62.5174,-161.607,10,5.8,mww,,55,18.297,0.75,us,us6000dwvx,2021-04-03T22:23:44.130Z,"Pacific-Antarctic Ridge",earthquake,10.4,1.7,0.098,10,reviewed,us,us
2021-03-26T04:51:38.957Z,16.7105,-60.7958,19,5.8,mww,,24,0.472,0.95,us,us6000dwkd,2021-03-27T04:55:32.203Z,"53 km NNE of Beauséjour, Guadeloupe",earthquake,1.8,1.8,0.058,29,reviewed,us,us
2021-03-25T03:57:21.011Z,-26.0988,178.4505,590.74,5.5,mww,,35,4.486,0.87,us,us6000dw8i,2021-04-09T05:02:54.784Z,"south of the Fiji Islands",earthquake,6,5.3,0.086,13,reviewed,us,us
2021-03-20T15:42:38.260Z,-23.1359,171.6945,10,5.5,mww,,106,4.908,1.01,us,us7000dl8y,2021-04-15T16:22:10.976Z,"southeast of the Loyalty Islands",earthquake,10.8,1.8,0.056,31,reviewed,us,us
2021-03-20T09:09:44.002Z,38.4754,141.6328,43,7,mww,,35,2.352,0.66,us,us7000dl6y,2021-04-14T10:24:36.097Z,"29 km ENE of Ishinomaki, Japan",earthquake,7.1,1.9,0.045,47,reviewed,us,us
2021-03-20T05:19:31.865Z,-59.6179,150.3277,10,6,mwb,,91,6.958,0.54,us,us7000dl5j,2021-04-02T15:04:26.148Z,"west of Macquarie Island",earthquake,10.3,1.9,0.05,38,reviewed,us,us
2021-03-20T05:09:36.022Z,-24.65,-175.8853,18.78,5.5,mww,,72,4.926,0.8,us,us7000dl5h,2021-04-02T14:18:06.757Z,"south of Tonga",earthquake,11,4.3,0.058,29,reviewed,us,us
2021-03-20T03:06:32.037Z,16.5866,-98.8134,20.51,5.7,mww,,84,0.999,1.08,us,us7000dl4v,2021-04-17T01:06:55.950Z,"0 km NE of Marquelia, Mexico",earthquake,3.2,3.6,0.041,57,reviewed,us,us
2021-03-20T01:49:17.947Z,47.2974,-27.2713,8,6,mww,,32,14.602,1.04,us,us7000dl4i,2021-04-17T00:53:34.768Z,"northern Mid-Atlantic Ridge",earthquake,5.1,1.8,0.043,51,reviewed,us,us
2021-03-19T18:52:43.356Z,-35.4897,178.685,170.28,5.6,mww,,24,2.09,0.88,us,us7000dl1u,2021-04-16T17:12:35.334Z,"off the east coast of the North Island of New Zealand",earthquake,4.4,3.7,0.057,30,reviewed,us,us
2021-03-19T06:11:27.113Z,31.9244,92.9147,8,5.7,mww,,19,2.695,0.59,us,us7000dkv0,2021-04-02T13:35:00.036Z,"95 km ENE of Nagqu, China",earthquake,7.1,1.8,0.086,13,reviewed,us,us
2021-03-18T23:39:41.795Z,-9.5515,155.5789,5,5.5,mww,,30,4.311,0.63,us,us7000dksx,2021-03-22T02:33:12.094Z,"212 km SW of Gizo, Solomon Islands",earthquake,4,1.7,0.061,26,reviewed,us,us
2021-03-18T00:04:06.696Z,36.9202,5.2011,8,6,mww,,20,3.06,0.44,us,us7000dker,2021-04-15T03:02:40.819Z,"21 km NNE of Bejaïa, Algeria",earthquake,6.9,1.8,0.033,86,reviewed,us,us
2021-03-17T00:12:49.542Z,-40.7777,-85.2756,10,5.7,mww,,83,8.78,0.95,us,us7000dk22,2021-03-26T02:28:29.414Z,"West Chile Rise",earthquake,10.7,1.9,0.063,24,reviewed,us,us
2021-03-17T00:04:58.799Z,-1.797,69.1469,10,5.6,mww,,51,4.469,1.02,us,us7000dk21,2021-03-26T02:21:02.497Z,"Carlsberg Ridge",earthquake,7.9,1.8,0.078,16,reviewed,us,us
2021-03-16T18:38:21.233Z,54.7368,163.1803,13.23,6.6,mww,,18,3.183,0.81,us,us7000djz6,2021-04-14T18:46:31.250Z,"171 km SSE of Ust’-Kamchatsk Staryy, Russia",earthquake,6.5,2.6,0.052,36,reviewed,us,us
2021-03-14T13:35:32.729Z,-59.531,-29.745,10,5.5,mww,,67,13.532,0.61,us,us7000djam,2021-03-23T19:23:05.352Z,"South Sandwich Islands region",earthquake,11.5,1.8,0.093,11,reviewed,us,us
2021-03-14T12:05:13.343Z,-59.883,-29.4687,10,6,mww,,74,6.79,0.65,us,us7000dj9v,2021-04-01T05:27:19.757Z,"South Sandwich Islands region",earthquake,9.4,1.9,0.059,28,reviewed,us,us
2021-03-13T21:21:58.513Z,-28.1479,-176.6448,14,6,mww,,22,1.57,0.79,us,us7000dj5p,2021-03-28T03:43:10.354Z,"Kermadec Islands region",earthquake,8,1.8,0.053,34,reviewed,us,us
2021-03-13T14:05:01.181Z,-29.8599,-177.8541,34,5.9,mww,,47,0.616,0.94,us,us7000dj39,2021-04-11T16:17:41.704Z,"Kermadec Islands, New Zealand",earthquake,8,1.8,0.041,58,reviewed,us,us
2021-03-12T12:57:51.330Z,39.8809,22.088,10,5.6,mww,,31,0.38,0.45,us,us7000dimf,2021-04-18T20:06:40.040Z,"8 km W of Elassóna, Greece",earthquake,4.1,1.8,0.043,53,reviewed,us,us
2021-03-12T08:54:13.201Z,-22.392,174.3924,16,5.9,mww,,120,5.762,0.66,us,us7000dick,2021-03-28T10:58:46.074Z,"southeast of the Loyalty Islands",earthquake,9.5,1.9,0.069,20,reviewed,us,us
2021-03-12T01:16:16.665Z,-4.666,138.364,10,5.5,mww,,26,6.343,1.04,us,us7000dia5,2021-04-08T21:42:29.125Z,"Papua, Indonesia",earthquake,8.2,1.7,0.075,17,reviewed,us,us
2021-03-12T00:03:19.179Z,-25.1558,178.3896,541,5.8,mww,,12,5.228,0.97,us,us7000di9v,2021-03-22T03:41:36.848Z,"south of the Fiji Islands",earthquake,3.7,1.9,0.069,20,reviewed,us,us
2021-03-10T20:12:37.735Z,-20.156,-177.6158,488,5.9,mww,,20,4.749,1.06,us,us7000dhxm,2021-04-15T14:49:28.028Z,"273 km WNW of Haveluloto, Tonga",earthquake,10.4,1.9,0.055,32,reviewed,us,us
2021-03-08T12:56:34.235Z,-4.4237,101.0085,10,5.5,mb,,99,1.942,0.66,us,us7000dh3d,2021-04-05T06:43:51.302Z,"155 km WSW of Bengkulu, Indonesia",earthquake,6.7,1.7,0.064,83,reviewed,us,us
2021-03-07T23:56:54.137Z,-29.602,-176.8818,10,5.8,mww,,73,0.98,1.34,us,us7000dgze,2021-04-13T05:15:35.426Z,"Kermadec Islands region",earthquake,7.4,1.8,0.06,27,reviewed,us,us
2021-03-07T19:28:48.047Z,-28.5588,-177.0083,10,5.5,mb,,58,1.058,0.69,us,us7000dgxr,2021-04-04T13:26:14.807Z,"Kermadec Islands region",earthquake,10,1.8,0.031,350,reviewed,us,us
2021-03-07T07:56:19.691Z,-32.3938,-178.0058,11,5.6,mww,,69,3.139,0.75,us,us7000dgt1,2021-04-15T10:53:42.940Z,"south of the Kermadec Islands",earthquake,9.2,1.9,0.058,29,reviewed,us,us
2021-03-07T04:54:00.079Z,-37.1711,179.6183,10.81,5.6,mww,,54,1.115,1.09,us,us7000dgr6,2021-04-02T23:51:22.064Z,"217 km NE of Gisborne, New Zealand",earthquake,6.3,3.3,0.089,12,reviewed,us,us
2021-03-07T04:10:26.784Z,-29.2255,-176.5436,11,5.5,mww,,45,1.211,1.27,us,us7000dgqr,2021-04-02T23:29:19.485Z,"Kermadec Islands region",earthquake,2.6,1.8,0.061,26,reviewed,us,us
2021-03-07T01:55:10.361Z,-28.4626,-176.5952,8,5.5,mww,,102,1.405,1.28,us,us7000dgpx,2021-04-02T22:26:21.830Z,"Kermadec Islands region",earthquake,10.3,1.8,0.063,24,reviewed,us,us
2021-03-06T23:30:05.387Z,-28.3822,-177.7721,17.61,5.5,mww,,61,0.87,0.58,us,us7000dgp3,2021-03-26T02:03:05.834Z,"Kermadec Islands region",earthquake,8.9,3.4,0.075,17,reviewed,us,us
2021-03-06T18:51:12.620Z,20.8917,144.3647,10,5.7,mww,,21,5.788,0.82,us,us7000dgkw,2021-04-17T19:01:23.178Z,"Maug Islands region, Northern Mariana Islands",earthquake,7.9,1.7,0.048,42,reviewed,us,us
2021-03-06T18:18:33.634Z,21.0971,144.441,10,5.5,mww,,34,5.971,0.71,us,us7000dgkl,2021-04-17T18:28:35.630Z,"Mariana Islands region",earthquake,8.1,1.8,0.093,11,reviewed,us,us
2021-03-06T17:13:13.492Z,-30.2102,-176.9281,9,5.6,mww,,55,1.297,1.04,us,us7000dgk1,2021-04-15T21:15:39.057Z,"Kermadec Islands region",earthquake,7.2,1.8,0.046,46,reviewed,us,us
2021-03-06T13:12:05.498Z,-28.2896,-177.6283,10,6.1,mww,,49,0.987,0.83,us,us7000dgi0,2021-04-18T13:55:12.101Z,"Kermadec Islands region",earthquake,7.1,1.8,0.046,45,reviewed,us,us
2021-03-06T12:05:23.693Z,-28.3565,-177.8739,15,6.2,mww,,50,0.886,0.64,us,us7000dgh7,2021-04-04T06:28:09.935Z,"Kermadec Islands region",earthquake,7.7,1.8,0.047,44,reviewed,us,us
2021-03-06T10:34:47.134Z,-28.4217,-177.7664,10,6.2,mww,,69,0.832,0.77,us,us7000dggf,2021-04-15T07:44:50.012Z,"Kermadec Islands region",earthquake,5.6,1.8,0.065,23,reviewed,us,us
2021-03-06T07:20:29.616Z,-28.4727,-178.1626,10,5.5,mb,,68,0.796,0.76,us,us7000dgdw,2021-03-24T12:29:49.877Z,"Kermadec Islands region",earthquake,7.3,1.9,0.065,83,reviewed,us,us
2021-03-06T07:16:29.302Z,-28.6263,-177.0009,10,6.1,mww,,62,1.02,0.82,us,us7000dgdc,2021-04-15T06:55:46.798Z,"Kermadec Islands region",earthquake,6.9,1.7,0.065,23,reviewed,us,us
2021-03-06T07:16:19.959Z,-28.6453,-177.0093,10,5.6,mb,,161,1.003,0.53,us,us7000dgdp,2021-04-15T06:20:44.194Z,"Kermadec Islands region",earthquake,10.7,1.9,0.097,37,reviewed,us,us
2021-03-06T07:02:24.238Z,-28.4763,-178.011,10,5.8,mww,,62,0.769,0.7,us,us7000dgd9,2021-03-24T10:41:14.906Z,"Kermadec Islands region",earthquake,6.8,1.8,0.083,14,reviewed,us,us
2021-03-06T03:59:46.489Z,-29.9349,-176.8036,10.1,5.5,mww,,67,1.197,1.11,us,us7000dgbu,2021-04-02T21:00:13.524Z,"Kermadec Islands region",earthquake,10,2.8,0.062,25,reviewed,us,us
2021-03-06T00:16:22.239Z,-37.5608,179.567,13,6.3,mww,,34,1.001,0.86,us,us7000dg8x,2021-04-13T04:16:28.321Z,"183 km NE of Gisborne, New Zealand",earthquake,8.1,1.7,0.054,33,reviewed,us,us
2021-03-05T23:17:31.412Z,-28.8909,-176.8884,16.66,5.6,mww,,53,0.976,0.65,us,us7000dg8c,2021-03-29T03:38:54.250Z,"Kermadec Islands region",earthquake,4.8,3.4,0.098,10,reviewed,us,us
2021-03-05T20:26:35.723Z,-30.1474,-177.0255,11,5.9,mww,,34,1.194,0.74,us,us7000dg5x,2021-03-31T17:21:00.393Z,"Kermadec Islands, New Zealand",earthquake,7.4,1.8,0.047,44,reviewed,us,us
2021-03-05T19:40:34.934Z,-28.2409,-177.7272,8,5.7,mwb,,57,1.016,0.69,us,us7000dg5e,2021-04-15T21:41:31.864Z,"Kermadec Islands region",earthquake,8.2,1.8,0.11,8,reviewed,us,us
2021-03-05T19:37:08.174Z,-28.3723,-177.7317,10,5.7,mww,,76,0.886,0.56,us,us7000dg5d,2021-03-31T13:58:27.090Z,"Kermadec Islands region",earthquake,9,1.8,0.098,10,reviewed,us,us
2021-03-05T19:34:53.074Z,-30.27,-177.3014,10,5.5,mb,,46,1.158,0.66,us,us7000dg55,2021-04-15T21:50:30.832Z,"Kermadec Islands, New Zealand",earthquake,7.5,1.8,0.046,171,reviewed,us,us
2021-03-05T18:57:21.193Z,-28.44,-176.606,16,5.5,mww,,54,1.41,0.53,us,us7000dg4u,2021-03-30T19:58:00.938Z,"Kermadec Islands region",earthquake,9.3,1.8,0.075,17,reviewed,us,us
2021-03-05T14:24:52.718Z,-28.8983,-176.6099,14,6.2,mww,,59,1.205,1.08,us,us7000dfz4,2021-04-18T13:27:58.620Z,"Kermadec Islands region",earthquake,8.3,1.8,0.073,18,reviewed,us,us
2021-03-05T08:13:40.330Z,-29.5509,-176.0077,15,5.9,mww,,132,9.289,1.01,us,us7000dfwe,2021-03-20T07:06:19.259Z,"Kermadec Islands region",earthquake,11.2,1.9,0.048,41,reviewed,us,us
2021-03-05T07:32:55.148Z,-1.7567,99.2329,25,5.6,mww,,135,2.746,0.71,us,us7000dfw2,2021-04-15T05:21:31.395Z,"153 km SW of Padang, Indonesia",earthquake,6.6,1.9,0.098,10,reviewed,us,us
2021-03-05T03:53:04.501Z,-29.6071,-176.7021,10,5.6,mww,,57,1.129,1.02,us,us7000dfu7,2021-04-02T04:50:06.882Z,"Kermadec Islands region",earthquake,10.4,1.8,0.098,10,reviewed,us,us
2021-03-05T03:41:31.022Z,-28.8008,-176.5821,10,5.8,mww,,48,1.259,1.21,us,us7000dfu5,2021-04-02T04:43:10.508Z,"Kermadec Islands region",earthquake,7.9,1.7,0.098,10,reviewed,us,us
2021-03-05T03:33:20.945Z,-28.7606,-176.6741,10,5.6,mb,,45,11.986,1.38,us,us7000dfu4,2021-04-15T02:18:03.342Z,"Kermadec Islands region",earthquake,9.7,1.8,0.032,338,reviewed,us,us
2021-03-05T03:21:38.943Z,-28.6254,-176.5979,10,5.6,mb,,59,11.23,1.29,us,us7000dftl,2021-04-02T04:31:27.825Z,"Kermadec Islands region",earthquake,11.7,1.8,0.048,154,reviewed,us,us
2021-03-05T02:30:36.279Z,-28.749,-176.5578,17,6.3,mww,,41,9.784,1.16,us,us7000dft1,2021-04-14T22:43:48.557Z,"Kermadec Islands region",earthquake,10.1,1.8,0.08,15,reviewed,us,us
2021-03-05T00:58:27.732Z,-30.047,-177.3762,10,5.6,mb,,35,0.932,0.76,us,us7000dfrs,2021-04-13T04:02:12.683Z,"Kermadec Islands, New Zealand",earthquake,6.9,1.7,0.036,276,reviewed,us,us
2021-03-05T00:28:19.006Z,-29.0144,-176.5484,10,5.9,mb,,26,1.229,0.65,us,us7000dfrf,2021-04-15T04:55:56.620Z,"Kermadec Islands region",earthquake,8.6,1.8,0.04,228,reviewed,us,us
2021-03-05T00:19:39.321Z,-29.1782,-177.0845,10,5.5,mb,,30,0.741,0.54,us,us7000dfr3,2021-04-15T04:58:46.734Z,"Kermadec Islands, New Zealand",earthquake,6.8,1.7,0.026,508,reviewed,us,us
2021-03-04T23:37:09.886Z,-29.6682,-177.2501,10,5.6,mb,,60,0.727,1.41,us,us7000dfqh,2021-04-10T00:54:18.383Z,"Kermadec Islands, New Zealand",earthquake,8.1,1.7,0.076,60,reviewed,us,us
2021-03-04T23:34:54.576Z,-28.6797,-176.4753,10,5.5,mb,,53,11.246,1.05,us,us7000dfqg,2021-03-19T04:40:53.850Z,"Kermadec Islands region",earthquake,9.8,1.8,0.047,155,reviewed,us,us
2021-03-04T23:13:00.326Z,-28.5039,-176.6575,24,6.5,mwb,,25,11.222,0.71,us,us7000dfq2,2021-04-10T00:52:06.184Z,"Kermadec Islands region",earthquake,8.7,1.8,0.071,19,reviewed,us,us
2021-03-04T22:55:38.412Z,-28.8266,-176.5251,10,5.6,mb,,21,12.029,0.67,us,us7000dfpp,2021-04-10T00:40:03.673Z,"Kermadec Islands region",earthquake,9.7,1.7,0.028,447,reviewed,us,us
2021-03-04T22:41:05.542Z,-28.338,-176.6342,10,5.8,mb,,54,1.452,0.78,us,us7000dfpe,2021-04-10T00:38:48.644Z,"Kermadec Islands region",earthquake,9.7,1.8,0.033,329,reviewed,us,us
2021-03-04T22:33:45.433Z,-30.0499,-177.1333,10,5.8,mb,,33,1.059,0.78,us,us7000dfp1,2021-03-12T06:05:22.184Z,"Kermadec Islands, New Zealand",earthquake,6.6,1.7,0.03,407,reviewed,us,us
2021-03-04T22:05:56.452Z,-28.6071,-176.7115,10,5.5,mb,,57,1.242,1.03,us,us7000dfnw,2021-04-10T01:02:50.221Z,"Kermadec Islands region",earthquake,10.4,1.7,0.032,334,reviewed,us,us
2021-03-04T21:04:06.277Z,-29.3952,-177.1249,10,5.8,mb,,53,0.718,1.12,us,us7000dhu0,2021-04-10T01:03:35.982Z,"Kermadec Islands, New Zealand",earthquake,6.3,1.7,0.035,305,reviewed,us,us
2021-03-04T21:04:00.623Z,-37.74,-179.9206,10,5.6,mb,,146,1.418,0.76,us,us7000dfmt,2021-04-09T23:39:24.523Z,"208 km ENE of Gisborne, New Zealand",earthquake,7,1.9,0.106,35,reviewed,us,us
2021-03-04T20:25:06.406Z,-28.3867,-176.6895,10,6.1,mb,,48,1.383,1.11,us,us7000dfmf,2021-03-25T14:35:38.904Z,"Kermadec Islands region",earthquake,9.5,1.8,0.06,106,reviewed,us,us
2021-03-04T20:20:44.074Z,-28.9814,-176.7873,10,5.5,mb,,78,1.033,1.15,us,us7000dfmj,2021-03-25T15:35:26.251Z,"Kermadec Islands region",earthquake,10.3,1.8,0.093,40,reviewed,us,us
2021-03-04T19:46:16.966Z,-29.5606,-177.4478,10,5.7,mb,,76,0.524,1.05,us,us7000dfm1,2021-03-25T14:31:58.031Z,"Kermadec Islands, New Zealand",earthquake,6.5,1.1,0.065,87,reviewed,us,us
2021-03-04T19:35:52.995Z,-29.7555,-177.1779,10,5.6,mb,,131,26.959,0.83,us,us7000dhr8,2021-03-25T20:29:57.668Z,"Kermadec Islands, New Zealand",earthquake,9.9,1.8,0.098,37,reviewed,us,us
2021-03-04T19:28:33.178Z,-29.7228,-177.2794,28.93,8.1,mww,,21,0.739,0.69,us,us7000dflf,2021-04-14T15:23:21.475Z,"Kermadec Islands, New Zealand",earthquake,7.7,3.3,0.034,81,reviewed,us,us
2021-03-04T19:23:51.987Z,39.8812,21.9795,10,5.5,mb,,20,0.45,0.99,us,us7000dfld,2021-03-25T14:31:05.279Z,"7 km S of Kraniá Elassónas, Greece",earthquake,4.8,1.8,0.028,440,reviewed,us,us
2021-03-04T18:38:19.386Z,39.7865,22.1157,10,5.8,mb,,19,0.427,0.91,us,us7000dfku,2021-04-14T15:15:57.513Z,"11 km E of Verdikoússa, Greece",earthquake,5.5,1.8,0.036,277,reviewed,us,us
2021-03-04T17:41:23.370Z,-29.6768,-177.8398,43,7.4,mww,,30,0.437,1.09,us,us7000dfk3,2021-04-14T15:10:54.857Z,"Kermadec Islands, New Zealand",earthquake,7.8,1.9,0.049,40,reviewed,us,us
2021-03-04T16:53:11.176Z,-14.464,167.32,173.3,6.1,mww,,22,0.983,0.75,us,us7000dfhs,2021-03-06T17:02:06.977Z,"69 km NNE of Port-Olry, Vanuatu",earthquake,7.7,4,0.073,18,reviewed,us,us
2021-03-04T14:10:36.559Z,-23.114,171.8814,10,5.6,mb,,81,4.12,1,us,us7000dfgg,2021-03-28T16:32:49.042Z,"southeast of the Loyalty Islands",earthquake,4.8,1.9,0.045,177,reviewed,us,us
2021-03-04T13:27:34.885Z,-37.5459,179.3587,10,7.3,mww,,26,3.956,0.92,us,us7000dffl,2021-04-10T20:38:15.273Z,"170 km NE of Gisborne, New Zealand",earthquake,8.4,1.7,0.054,33,reviewed,us,us
2021-03-03T10:16:09.757Z,39.7547,22.1756,8,6.3,mww,,17,0.423,0.56,us,us7000df40,2021-04-10T06:21:38.232Z,"9 km W of Týrnavos, Greece",earthquake,3.1,1.8,0.034,81,reviewed,us,us
2021-03-02T21:22:46.236Z,43.9624,147.9495,30,5.8,mww,,32,3.865,0.8,us,us7000deyu,2021-03-08T03:22:50.396Z,"100 km E of Shikotan, Russia",earthquake,8.3,1.8,0.071,19,reviewed,us,us
2021-03-02T09:23:02.046Z,21.9305,121.2921,31.63,5.5,mww,,81,0.904,0.53,us,us7000detx,2021-04-12T13:42:15.693Z,"57 km E of Hengchun, Taiwan",earthquake,7.6,4,0.063,24,reviewed,us,us
2021-02-28T23:37:15.570Z,-17.7234,167.496,11,5.8,mww,,31,2.28,1.18,us,us7000defm,2021-04-09T23:26:08.262Z,"86 km W of Port-Vila, Vanuatu",earthquake,6.7,1.7,0.093,11,reviewed,us,us
2021-02-28T20:37:37.657Z,-22.7619,172.5382,11,5.7,mww,,76,4.704,1.09,us,us7000deeg,2021-03-28T15:39:42.926Z,"southeast of the Loyalty Islands",earthquake,10.5,1.8,0.05,38,reviewed,us,us
2021-02-28T02:16:04.871Z,-17.581,-72.5179,14,5.5,mww,,97,2.215,1.16,us,us7000de9a,2021-03-25T22:55:42.772Z,"78 km SW of Islay (Matarani), Peru",earthquake,2.5,1.8,0.05,39,reviewed,us,us
2021-02-27T02:13:01.705Z,-18.563,-177.9334,550.32,5.6,mww,,30,3.902,1.1,us,us7000de1v,2021-03-25T22:07:47.087Z,"295 km E of Levuka, Fiji",earthquake,9.8,4.4,0.086,13,reviewed,us,us
2021-02-26T11:58:28.825Z,-47.2829,100.1114,10,5.8,mww,,48,19.068,0.51,us,us7000ddw9,2021-04-01T12:09:00.061Z,"southeast Indian Ridge",earthquake,10.3,1.6,0.068,21,reviewed,us,us
2021-02-25T08:51:05.257Z,-47.4498,100.0442,10,5.5,mww,,50,19.088,0.48,us,us7000ddiv,2021-03-18T05:39:26.574Z,"southeast Indian Ridge",earthquake,10.2,1.9,0.083,14,reviewed,us,us
2021-02-24T10:05:59.124Z,63.949,-22.2851,10,5.6,mww,,35,0.903,0.61,us,us6000dkmk,2021-04-02T07:53:14.466Z,"6 km SE of Vogar, Iceland",earthquake,5.1,1.8,0.039,64,reviewed,us,us
2021-02-22T19:22:11.491Z,1.3586,121.9102,25,5.8,mww,,37,1.154,1,us,us6000dk70,2021-04-05T13:16:04.541Z,"157 km NW of Gorontalo, Indonesia",earthquake,5.5,1.8,0.055,32,reviewed,us,us
2021-02-20T02:44:06.081Z,-17.4569,167.7814,5.83,5.5,mww,,50,2.074,1.24,us,us6000djk6,2021-03-26T17:00:18.040Z,"64 km WNW of Port-Vila, Vanuatu",earthquake,8.1,3.5,0.071,19,reviewed,us,us
2021-02-19T09:11:21.223Z,50.9525,-179.2482,19,5.6,mww,,114,0.66,0.72,us,us6000divk,2021-04-16T09:21:30.112Z,"208 km WSW of Adak, Alaska",earthquake,5.3,1.8,0.057,30,reviewed,us,us
2021-02-18T19:31:31.487Z,-9.1877,-108.4155,10,5.8,mww,,109,17.865,1,us,us6000diqr,2021-04-14T03:36:09.040Z,"central East Pacific Rise",earthquake,13,1.8,0.06,27,reviewed,us,us
2021-02-18T15:30:47.991Z,-14.8373,-176.7574,3.7,6.1,mww,,52,1.421,0.74,us,us6000dip3,2021-03-24T13:41:12.716Z,"157 km ESE of Alo, Wallis and Futuna",earthquake,6.9,1.4,0.063,24,reviewed,us,us
2021-02-18T06:37:30.719Z,-18.9521,168.0662,14,6.1,mww,,66,2.516,0.73,us,us6000dila,2021-04-14T03:27:31.040Z,"137 km S of Port-Vila, Vanuatu",earthquake,7.8,1.8,0.045,47,reviewed,us,us
2021-02-17T22:49:38.110Z,-23.184,171.7786,12,6.1,mww,,28,3.861,0.78,us,us6000dii3,2021-03-19T17:48:40.040Z,"southeast of the Loyalty Islands",earthquake,7.2,1.7,0.061,26,reviewed,us,us
2021-02-17T12:21:42.826Z,-17.4717,167.6675,10,5.5,mww,,52,2.061,0.73,us,us6000didd,2021-03-17T07:17:23.708Z,"74 km WNW of Port-Vila, Vanuatu",earthquake,7.1,1.8,0.055,32,reviewed,us,us
2021-02-17T03:36:07.058Z,38.4057,22.019,5.29,5.5,mww,,38,0.662,0.36,us,us6000diae,2021-03-12T05:04:00.262Z,"11 km N of Kamárai, Greece",earthquake,5.5,3.1,0.047,44,reviewed,us,us
2021-02-16T01:32:00.512Z,-17.8133,167.6409,14.25,5.9,mww,,38,3.666,0.76,us,us6000dhxu,2021-04-19T00:56:58.079Z,"71 km W of Port-Vila, Vanuatu",earthquake,7.8,3,0.053,34,reviewed,us,us
2021-02-16T01:22:19.487Z,-17.6418,167.707,10.13,5.5,mww,,59,4.339,0.84,us,us6000dhxs,2021-04-19T00:54:27.685Z,"65 km W of Port-Vila, Vanuatu",earthquake,7.9,4.2,0.059,28,reviewed,us,us
2021-02-16T00:49:25.141Z,-17.8292,167.5413,13,6.2,mww,,32,3.661,0.83,us,us6000dhxn,2021-03-26T02:59:40.837Z,"82 km W of Port-Vila, Vanuatu",earthquake,7.4,1.8,0.063,24,reviewed,us,us
2021-02-14T15:01:42.596Z,-23.2623,171.7295,10,5.7,mww,,70,8.076,0.54,us,us6000dhm9,2021-02-21T19:51:49.598Z,"southeast of the Loyalty Islands",earthquake,10.3,1.8,0.089,12,reviewed,us,us
2021-02-13T15:33:57.009Z,-7.2148,149.3549,35,5.6,mb,,43,10.273,1.25,us,us6000dhfg,2021-03-14T17:46:26.384Z,"113 km S of Kandrian, Papua New Guinea",earthquake,7.7,1.9,0.039,226,reviewed,us,us
2021-02-13T14:07:50.194Z,37.7534,141.7145,44.07,7.1,mww,,25,3.05,0.95,us,us6000dher,2021-04-20T00:41:47.180Z,"69 km ENE of Namie, Japan",earthquake,6.9,2.6,0.036,74,reviewed,us,us
2021-02-12T17:01:35.245Z,38.1357,73.5448,98,5.9,mww,,16,1.912,0.89,us,us6000dh48,2021-03-24T18:04:19.345Z,"37 km W of Murghob, Tajikistan",earthquake,5.1,1.7,0.053,34,reviewed,us,us
2021-02-12T10:06:01.358Z,-23.205,171.5408,8,5.9,mww,,45,8.169,0.56,us,us6000dgxz,2021-03-18T12:48:38.661Z,"southeast of the Loyalty Islands",earthquake,4.6,1.8,0.057,30,reviewed,us,us
2021-02-11T08:39:13.018Z,-23.2935,171.6772,10,5.7,mww,,41,8.133,0.52,us,us6000dglt,2021-04-16T07:24:40.077Z,"southeast of the Loyalty Islands",earthquake,9.2,1.9,0.054,33,reviewed,us,us
2021-02-11T08:22:10.147Z,-22.8946,171.2431,10,5.8,mww,,47,8.188,0.55,us,us6000dglp,2021-04-16T07:17:51.621Z,"southeast of the Loyalty Islands",earthquake,3.7,1.9,0.063,24,reviewed,us,us
2021-02-11T07:24:04.272Z,-23.0764,171.7259,10,5.5,mb,,79,7.957,0.63,us,us6000dj8g,2021-03-11T12:15:07.466Z,"southeast of the Loyalty Islands",earthquake,7.5,1.8,0.049,146,reviewed,us,us
2021-02-11T07:18:41.847Z,-23.2707,171.977,18.59,5.7,mww,,57,7.913,0.67,us,us6000dgku,2021-04-16T07:12:16.641Z,"southeast of the Loyalty Islands",earthquake,9.7,4.3,0.069,20,reviewed,us,us
2021-02-11T06:52:28.131Z,-23.3358,171.8122,10.56,6,mww,,47,8.069,0.98,us,us6000dgkr,2021-04-17T06:40:37.503Z,"southeast of the Loyalty Islands",earthquake,6.7,3.7,0.052,36,reviewed,us,us
2021-02-11T04:15:18.191Z,-22.7876,170.9159,17.98,5.8,mww,,36,8.367,0.97,us,us6000dgje,2021-04-19T00:04:53.409Z,"southeast of the Loyalty Islands",earthquake,6.8,2.6,0.062,25,reviewed,us,us
2021-02-11T00:14:47.113Z,-23.2235,171.7288,9.82,5.9,mww,,18,8.051,0.89,us,us6000dggq,2021-04-16T21:59:36.108Z,"southeast of the Loyalty Islands",earthquake,8.5,3.3,0.071,19,reviewed,us,us
2021-02-10T23:45:15.886Z,-23.1826,171.6887,10,5.8,mww,,21,8.052,0.62,us,us6000dgg9,2021-04-16T22:00:22.419Z,"southeast of the Loyalty Islands",earthquake,8.4,1.7,0.063,24,reviewed,us,us
2021-02-10T21:40:34.654Z,-23.2295,171.5799,10,5.6,mb,,21,8.158,0.81,us,us6000dgeb,2021-02-24T05:32:51.439Z,"southeast of the Loyalty Islands",earthquake,5.1,1.7,0.05,142,reviewed,us,us
2021-02-10T21:24:00.831Z,-23.1911,171.5827,12,6.3,mww,,10,8.131,0.82,us,us6000dge5,2021-04-16T22:09:33.859Z,"southeast of the Loyalty Islands",earthquake,3.1,1.7,0.056,31,reviewed,us,us
2021-02-10T20:45:14.002Z,-22.6362,171.0984,10,5.8,mww,,102,15.516,0.91,us,us6000dgde,2021-04-14T15:43:49.198Z,"southeast of the Loyalty Islands",earthquake,5.3,1.8,0.098,10,reviewed,us,us
2021-02-10T18:36:41.957Z,-22.7173,171.213,14,6.1,mww,,32,13.12,0.99,us,us6000dgc7,2021-04-14T15:40:39.650Z,"southeast of the Loyalty Islands",earthquake,10.1,1.8,0.089,12,reviewed,us,us
2021-02-10T17:25:50.205Z,-22.7596,171.6651,10,5.6,mb,,43,7.799,1.02,us,us6000dgbp,2021-02-19T21:10:41.376Z,"southeast of the Loyalty Islands",earthquake,10.8,1.8,0.036,266,reviewed,us,us
2021-02-10T16:35:22.999Z,-22.8106,171.173,11.69,6.1,mwb,,17,8.189,0.86,us,us6000dgb4,2021-02-22T06:09:15.722Z,"southeast of the Loyalty Islands",earthquake,8.4,0.5,0.083,14,reviewed,us,us
2021-02-10T14:18:19.983Z,-22.7126,171.79,10,5.6,mb,,46,7.68,0.49,us,us6000dg8c,2021-03-11T07:40:54.567Z,"southeast of the Loyalty Islands",earthquake,6.2,1.7,0.04,217,reviewed,us,us
2021-02-10T13:19:55.530Z,-23.0511,171.6566,10,7.7,mww,,15,7.989,0.42,us,us6000dg77,2021-04-16T10:32:44.113Z,"southeast of the Loyalty Islands",earthquake,7.5,1.8,0.042,54,reviewed,us,us
2021-02-10T13:01:59.145Z,-22.7415,171.6432,10,6.1,mww,,56,7.803,0.53,us,us6000dg72,2021-04-16T10:33:38.628Z,"southeast of the Loyalty Islands",earthquake,10.2,1.8,0.069,20,reviewed,us,us
2021-02-10T12:52:27.224Z,-5.6856,101.6495,10,6.3,mww,,29,1.851,0.5,us,us6000dg70,2021-04-17T06:33:31.110Z,"219 km SSW of Bengkulu, Indonesia",earthquake,6.7,1.8,0.037,69,reviewed,us,us
2021-02-10T12:32:11.729Z,-22.5322,171.4754,11,5.6,mww,,73,7.8,0.42,us,us6000dg6v,2021-04-17T06:15:14.054Z,"southeast of the Loyalty Islands",earthquake,12.1,1.9,0.058,29,reviewed,us,us
2021-02-10T12:24:21.500Z,-22.8327,171.6556,11,6.1,mww,,49,7.851,0.38,us,us6000dg6u,2021-04-17T06:14:42.921Z,"southeast of the Loyalty Islands",earthquake,11.2,1.8,0.044,50,reviewed,us,us
2021-02-10T08:22:32.161Z,-13.5912,-111.5531,10,5.6,mww,,126,33.505,0.91,us,us6000dg56,2021-04-20T12:52:50.607Z,"central East Pacific Rise",earthquake,9.6,1.8,0.069,20,reviewed,us,us
2021-02-09T02:55:47.887Z,-5.204,151.7604,53,5.6,mww,,16,1.083,0.89,us,us6000dfsv,2021-04-18T21:26:12.569Z,"110 km SSW of Kokopo, Papua New Guinea",earthquake,7.3,1.8,0.051,37,reviewed,us,us
2021-02-08T08:06:19.600Z,-30.277,-179.3793,343.49,5.5,mww,,71,1.627,0.58,us,us6000dfj3,2021-04-16T10:28:55.872Z,"Kermadec Islands region",earthquake,10.9,5,0.089,12,reviewed,us,us
2021-02-08T00:00:40.820Z,5.688,127.1064,35.23,5.7,mww,,34,2.046,1.08,us,us6000dfgj,2021-02-14T00:59:29.667Z,"126 km SE of Pondaguitan, Philippines",earthquake,6.2,3.9,0.089,12,reviewed,us,us
2021-02-07T05:45:51.377Z,-3.3226,146.1444,10,6.3,mww,,54,1.762,0.75,us,us6000dfad,2021-03-04T12:08:09.753Z,"189 km SW of Lorengau, Papua New Guinea",earthquake,7.6,1.9,0.046,45,reviewed,us,us
2021-02-07T04:22:56.667Z,6.7693,125.1011,16,6,mww,,37,0.56,1.39,us,us6000df9r,2021-03-17T21:42:45.682Z,"9 km W of Magsaysay, Philippines",earthquake,7.1,1.7,0.048,41,reviewed,us,us
2021-02-04T12:14:26.914Z,-22.6054,171.9621,11,5.7,mww,,59,5.136,1.05,us,us6000defh,2021-03-03T10:04:23.979Z,"southeast of the Loyalty Islands",earthquake,9.5,1.7,0.055,32,reviewed,us,us
2021-02-03T05:23:43.520Z,-36.2797,-97.8,10,6.7,mww,,40,13.395,0.96,us,us6000de34,2021-04-14T13:19:02.451Z,"West Chile Rise",earthquake,9.7,1.2,0.048,41,reviewed,us,us
2021-02-03T00:42:20.110Z,-22.7508,171.7978,10,5.6,mww,,61,5,1.23,us,us6000de1j,2021-04-08T23:01:59.800Z,"southeast of the Loyalty Islands",earthquake,9,1.8,0.078,16,reviewed,us,us
2021-02-02T23:58:34.546Z,-22.7369,171.9044,9,5.8,mww,,26,5.096,1.21,us,us6000de19,2021-02-10T03:17:58.881Z,"southeast of the Loyalty Islands",earthquake,8.2,1.7,0.057,30,reviewed,us,us
2021-02-02T20:49:27.596Z,-16.282,177.95,10,5.8,mww,,35,4.269,0.79,us,us6000ddzk,2021-04-10T18:05:08.040Z,"141 km NNE of Ba, Fiji",earthquake,8.5,1.7,0.06,27,reviewed,us,us
2021-01-31T19:05:14.367Z,2.6675,-59.5879,5.21,5.5,mww,,25,0.972,0.54,us,us6000ddge,2021-04-05T16:33:44.508Z,"82 km SSE of Lethem, Guyana",earthquake,6.2,3.4,0.066,22,reviewed,us,us
2021-01-29T19:47:55.783Z,-13.9672,121.8641,10,5.7,mww,,24,4.131,0.98,us,us6000dd2i,2021-04-10T19:06:57.453Z,"northwest of Australia",earthquake,6.7,1.7,0.086,13,reviewed,us,us
2021-01-29T13:14:44.617Z,8.2341,-82.9669,10,5.5,mww,,117,0.39,0.63,us,us6000dcx7,2021-04-08T22:05:52.703Z,"12 km WSW of Puerto Armuelles, Panama",earthquake,3.3,1.8,0.043,51,reviewed,us,us
2021-01-29T12:41:38.711Z,8.2045,-82.95,8,5.7,mww,,79,0.419,0.68,us,us6000dcx1,2021-04-12T10:29:24.378Z,"12 km SW of Puerto Armuelles, Panama",earthquake,5,1.8,0.037,69,reviewed,us,us
2021-01-24T12:14:45.405Z,-61.767,-55.3579,10,5.5,mww,,56,1.629,0.66,us,us7000d2wh,2021-04-13T17:04:44.040Z,"South Shetland Islands",earthquake,7,1.8,0.059,28,reviewed,us,us
2021-01-24T05:47:53.359Z,-51.1903,161.9647,10,5.8,mww,,34,3.782,0.79,us,us7000d2ty,2021-04-13T17:05:39.040Z,"north of Macquarie Island",earthquake,7.2,1.7,0.056,31,reviewed,us,us
2021-01-24T00:07:45.266Z,-33.3533,-70.1484,109.48,5.7,mww,,17,0.053,0.9,us,us7000d2s4,2021-04-13T17:04:51.040Z,"41 km ENE of Villa Presidente Frei, Ñuñoa, Santiago, Chile, Chile",earthquake,5.3,3.4,0.093,11,reviewed,us,us
2021-01-23T23:36:51.667Z,-61.8098,-55.5027,15,6.9,mww,,16,1.55,0.57,us,us7000d2rx,2021-04-13T17:05:17.040Z,"South Shetland Islands",earthquake,7.2,1.7,0.043,52,reviewed,us,us
2021-01-23T11:47:34.083Z,-24.3796,-179.468,430.69,5.5,mww,,49,5.037,0.96,us,us7000d2nr,2021-04-13T17:04:47.040Z,"south of the Fiji Islands",earthquake,10.3,5.6,0.098,10,reviewed,us,us
2021-01-23T03:19:51.503Z,-6.2986,147.6412,27,5.8,mww,,21,3.122,0.83,us,us7000d2lc,2021-04-13T17:04:30.040Z,"36 km NW of Finschhafen, Papua New Guinea",earthquake,6.4,1.8,0.057,30,reviewed,us,us
2021-01-22T16:23:40.726Z,-33.1561,-179.3646,34,5.6,mww,,73,4.088,1.33,us,us7000d2f1,2021-04-13T17:04:49.040Z,"south of the Kermadec Islands",earthquake,8.1,1.8,0.052,35,reviewed,us,us
2021-01-21T12:23:04.255Z,4.9931,127.5145,80,7,mww,,15,2.821,0.77,us,us7000d20e,2021-03-31T11:25:51.197Z,"211 km SE of Pondaguitan, Philippines",earthquake,6.3,1.9,0.061,26,reviewed,us,us
2021-01-20T22:59:11.650Z,-15.0128,-75.523,5.29,5.5,mww,,92,3.269,0.73,us,us7000d1ut,2021-03-27T21:05:47.040Z,"49 km WNW of Minas de Marcona, Peru",earthquake,9.6,3.8,0.057,30,reviewed,us,us
2021-01-20T16:00:41.672Z,49.7105,147.7081,587.39,5.6,mww,,25,4.297,0.74,us,us7000d1q5,2021-03-27T21:05:44.040Z,"Sea of Okhotsk",earthquake,5.8,4.1,0.068,21,reviewed,us,us
2021-01-19T02:46:22.380Z,-31.8334,-68.7992,20.81,6.4,mww,,22,0.303,0.95,us,us7000d18q,2021-03-27T21:05:23.040Z,"26 km SW of Pocito, Argentina",earthquake,2.9,3.6,0.055,32,reviewed,us,us
2021-01-16T20:02:46.900Z,36.4494,70.6979,204,5.5,mww,,18,2.334,0.69,us,us7000d0pq,2021-03-27T21:04:54.040Z,"47 km SSW of Jurm, Afghanistan",earthquake,6.9,1.8,0.049,40,reviewed,us,us
2021-01-15T21:31:04.660Z,26.9417,55.1967,8,5.5,mww,,35,2.185,0.97,us,us7000d0gn,2021-03-27T21:04:41.040Z,"52 km NE of Bandar-e Lengeh, Iran",earthquake,6.9,1.8,0.068,21,reviewed,us,us
2021-01-15T16:10:52.240Z,13.9469,-92.1506,21,5.8,mww,,86,0.724,1.26,us,us7000d0d0,2021-03-27T21:04:36.040Z,"46 km SW of Champerico, Guatemala",earthquake,6,1.8,0.045,47,reviewed,us,us
2021-01-15T13:19:11.161Z,-37.0727,-17.0121,10,5.5,mww,,67,3.756,0.93,us,us7000d0bw,2021-03-27T21:04:35.040Z,"southern Mid-Atlantic Ridge",earthquake,10.7,1.9,0.069,20,reviewed,us,us
2021-01-15T10:45:21.876Z,-37.1225,-17.2548,10,5.6,mww,,55,3.949,0.43,us,us7000d0ae,2021-03-27T21:04:33.040Z,"southern Mid-Atlantic Ridge",earthquake,6,1.8,0.047,43,reviewed,us,us
2021-01-14T18:28:18.093Z,-2.9717,118.8899,18,6.2,mww,,28,2.203,1.12,us,us7000d030,2021-03-20T21:25:45.040Z,"32 km S of Mamuju, Indonesia",earthquake,3.5,1.7,0.066,22,reviewed,us,us
2021-01-14T06:35:50.028Z,-2.9809,118.894,18,5.7,mww,,33,2.193,0.83,us,us6000d882,2021-03-20T21:25:34.040Z,"33 km S of Mamuju, Indonesia",earthquake,5.8,1.7,0.053,34,reviewed,us,us
2021-01-12T18:17:36.970Z,-3.0604,136.8876,31,5.9,mww,,14,3.85,0.79,us,us6000d7tq,2021-03-20T21:24:52.040Z,"157 km ENE of Nabire, Indonesia",earthquake,6.3,1.8,0.075,17,reviewed,us,us
2021-01-12T02:39:43.421Z,43.7004,139.9863,214,5.9,mww,,22,1.929,0.72,us,us6000d7ml,2021-03-20T21:24:30.040Z,"84 km NW of Yoichi, Japan",earthquake,7,1.9,0.071,19,reviewed,us,us
2021-01-11T21:32:59.015Z,51.2811,100.4383,10,6.7,mww,,22,2.043,0.75,us,us6000d7ix,2021-03-20T21:24:18.040Z,"29 km SSW of Turt, Mongolia",earthquake,6.7,1.7,0.039,62,reviewed,us,us
2021-01-11T19:44:36.185Z,-58.05,-9.8432,10,5.5,mww,,73,13.98,0.74,us,us6000d7hn,2021-03-20T21:24:15.040Z,"east of the South Sandwich Islands",earthquake,11.1,1.8,0.093,11,reviewed,us,us
2021-01-11T01:20:38.218Z,-7.2529,120.4325,613.25,5.6,mww,,21,2.254,1.07,us,us6000d7c5,2021-03-20T21:23:54.040Z,"150 km NNE of Labuan Bajo, Indonesia",earthquake,8,3.3,0.052,35,reviewed,us,us
2021-01-10T15:44:48.206Z,-35.4168,-105.8671,10,5.6,mww,,76,8.777,0.71,us,us6000d78y,2021-03-20T21:23:43.040Z,"southern East Pacific Rise",earthquake,8.3,1.8,0.078,16,reviewed,us,us
2021-01-10T06:48:20.094Z,-16.0347,167.8826,160,6.1,mww,,23,0.877,0.54,us,us6000d764,2021-03-20T21:23:35.040Z,"50 km E of Lakatoro, Vanuatu",earthquake,7.7,1.8,0.046,45,reviewed,us,us
2021-01-10T03:54:14.483Z,-24.0412,-66.5729,217,6.1,mww,,36,1.83,1.06,us,us6000d74p,2021-03-20T21:23:33.040Z,"32 km NW of San Antonio de los Cobres, Argentina",earthquake,8.2,1.9,0.032,95,reviewed,us,us
2021-01-09T01:39:38.964Z,-16.1498,168.0121,182,5.5,mww,,30,1.046,1.19,us,us6000d6xb,2021-03-20T21:23:01.040Z,"63 km E of Lakatoro, Vanuatu",earthquake,7.6,1.8,0.061,26,reviewed,us,us
2021-01-08T05:01:04.246Z,-20.7367,169.8821,113,6.1,mww,,37,1.88,0.69,us,us6000d6my,2021-03-20T21:22:41.040Z,"146 km SSE of Isangel, Vanuatu",earthquake,7.5,1.9,0.045,48,reviewed,us,us
2021-01-08T00:28:50.091Z,-29.4295,-178.744,224,6.3,mww,,13,0.735,0.95,us,us6000d6lg,2021-03-20T21:22:37.040Z,"Kermadec Islands, New Zealand",earthquake,7.9,1.8,0.043,51,reviewed,us,us
2021-01-06T20:59:34.315Z,0.0658,122.9487,148,6.1,mww,,13,1.114,1.23,us,us6000d69r,2021-03-13T22:59:38.040Z,"53 km SSW of Gorontalo, Indonesia",earthquake,6.7,1.8,0.035,78,reviewed,us,us
2021-01-06T17:28:35.120Z,-4.3366,102.6881,58.04,5.5,mww,,27,0.267,1.02,us,us6000d672,2021-03-13T22:59:36.040Z,"70 km WSW of Pagar Alam, Indonesia",earthquake,6.1,3.4,0.078,16,reviewed,us,us
2021-01-06T16:52:16.717Z,-7.0585,155.7921,44,5.8,mww,,11,4.599,0.93,us,us6000d66r,2021-03-13T22:59:35.040Z,"88 km SSE of Panguna, Papua New Guinea",earthquake,8.3,1.9,0.054,33,reviewed,us,us
2021-01-06T06:20:35.947Z,-28.6357,-177.2713,38.49,6.2,mww,,30,0.837,0.74,us,us6000d5zz,2021-03-13T22:59:30.040Z,"Kermadec Islands region",earthquake,8.2,1.6,0.05,39,reviewed,us,us
2021-01-03T12:38:48.915Z,51.2199,-179.793,21,6.1,mww,,52,2.051,0.66,us,us6000d58t,2021-04-18T12:48:58.634Z,"230 km WSW of Adak, Alaska",earthquake,5.3,1.9,0.046,46,reviewed,us,us
2020-12-29T23:34:57.647Z,-0.7603,-21.1005,10,5.7,mww,,46,9.629,0.72,us,us6000d454,2021-03-06T23:20:28.040Z,"central Mid-Atlantic Ridge",earthquake,4.3,1.8,0.065,23,reviewed,us,us
2020-12-29T11:19:54.762Z,45.4244,16.2573,10,6.4,mww,,13,0.941,0.75,us,us6000d3zh,2021-03-27T20:33:02.452Z,"2 km WSW of Petrinja, Croatia",earthquake,4.4,1.8,0.033,89,reviewed,us,us
2020-12-29T07:10:29.079Z,43.389,-126.9951,10,5.7,mww,,99,2.171,1.31,us,us6000d3xn,2021-04-20T07:20:34.568Z,"212 km W of Bandon, Oregon",earthquake,7,1.8,0.026,143,reviewed,us,us
2020-12-28T04:32:20.070Z,-47.5074,99.9538,10,5.7,mww,,50,19.053,0.68,us,us6000d3kl,2021-03-06T23:19:44.040Z,"southeast Indian Ridge",earthquake,9.4,1.8,0.078,16,reviewed,us,us
2020-12-27T21:39:14.770Z,-39.3398,-74.9849,10,6.7,mww,,19,1.319,0.63,us,us6000d3i9,2021-03-06T23:19:37.040Z,"146 km WNW of Corral, Chile",earthquake,5.8,1.7,0.048,42,reviewed,us,us
2020-12-27T07:11:10.861Z,-16.0229,-74.3085,39,5.7,mww,,79,4.452,0.6,us,us6000d3dr,2021-03-06T23:19:27.040Z,"25 km SSE of Atiquipa, Peru",earthquake,8.4,1.9,0.047,43,reviewed,us,us
2020-12-27T06:37:32.897Z,38.4563,39.2302,9,5.5,mww,,26,0.945,0.55,us,us6000d3dd,2021-03-06T23:19:26.040Z,"7 km WNW of Sivrice, Turkey",earthquake,3.9,1.8,0.043,51,reviewed,us,us
2020-12-24T23:43:41.964Z,13.82,120.6539,109,6.3,mww,,15,3.715,0.75,us,us6000d2ra,2021-03-06T23:18:35.040Z,"2 km ESE of Calatagan, Philippines",earthquake,5.8,1.8,0.032,92,reviewed,us,us
2020-12-23T18:11:47.762Z,6.2544,133.6362,11,6.1,mww,,34,1.561,0.99,us,us6000d29t,2021-03-06T23:18:00.040Z,"90 km SW of Angaur State, Palau",earthquake,6.2,1.7,0.033,86,reviewed,us,us
2020-12-23T00:51:21.101Z,8.317,-103.152,10,5.7,mww,,92,10.217,0.94,us,us6000d224,2021-03-06T23:17:47.040Z,"northern East Pacific Rise",earthquake,11.5,1.8,0.052,35,reviewed,us,us
2020-12-23T00:45:07.741Z,8.3585,-103.2274,10,5.7,mww,,94,10.212,0.66,us,us6000d223,2021-03-06T23:17:47.040Z,"northern East Pacific Rise",earthquake,9.9,1.4,0.047,43,reviewed,us,us
2020-12-21T17:08:55.573Z,-16.3994,-177.4622,10,5.7,mww,,121,2.174,1.15,us,us6000d1pw,2021-02-27T23:23:19.040Z,"241 km SSE of Alo, Wallis and Futuna",earthquake,2.2,1.8,0.068,21,reviewed,us,us
2020-12-20T17:23:22.668Z,40.8667,142.5814,35,6.3,mww,,33,1.153,1.07,us,us7000csqe,2021-02-27T23:26:33.040Z,"100 km ENE of Hachinohe, Japan",earthquake,6.8,1.9,0.041,57,reviewed,us,us
2020-12-16T17:48:44.849Z,-16.5756,-71.4433,90.35,5.6,mww,,62,2.071,0.83,us,us7000crmx,2021-02-27T23:24:59.040Z,"2 km SSE of Quequeña, Peru",earthquake,8.3,2.9,0.056,31,reviewed,us,us
2020-12-15T23:21:57.807Z,5.1789,125.4212,14,6.1,mww,,27,1.884,1.08,us,us7000crdx,2021-02-20T16:12:23.040Z,"25 km S of Sarangani, Philippines",earthquake,7.1,1.7,0.054,33,reviewed,us,us
2020-12-14T19:35:58.558Z,72.2351,0.742,10,5.8,mww,,17,7.149,0.78,us,us7000cr1r,2021-02-20T16:12:02.040Z,"Norwegian Sea",earthquake,8.6,1.7,0.037,72,reviewed,us,us
2020-12-14T15:20:49.542Z,-21.8063,-68.7079,114,6,mww,,34,0.496,0.71,us,us7000cqyz,2021-02-20T16:11:53.040Z,"75 km NNE of Calama, Chile",earthquake,5.6,1.8,0.045,47,reviewed,us,us
2020-12-14T01:57:10.822Z,-23.9372,179.8899,525.52,5.6,mww,,16,5.635,0.87,us,us7000cqvm,2021-02-20T16:11:47.040Z,"south of the Fiji Islands",earthquake,9.3,3.9,0.08,15,reviewed,us,us
2020-12-12T07:18:54.231Z,40.1213,142.0551,44,5.5,mww,,69,1.008,0.66,us,us7000cqhy,2021-02-20T16:11:27.040Z,"53 km N of Miyako, Japan",earthquake,6.4,1.9,0.063,24,reviewed,us,us
2020-12-10T20:48:57.143Z,-17.5631,-174.8703,10,5.9,mwb,,37,4.5,1.12,us,us7000cpx6,2021-02-20T16:11:12.040Z,"152 km NW of Neiafu, Tonga",earthquake,5.9,1.7,0.035,77,reviewed,us,us
2020-12-10T20:42:08.277Z,-32.879,-179.8513,96,5.9,mww,,39,3.98,1.05,us,us7000cpws,2021-02-20T16:11:11.040Z,"south of the Kermadec Islands",earthquake,8.5,1.8,0.044,50,reviewed,us,us
2020-12-10T13:19:58.682Z,24.7818,122.0243,71,6.1,mww,,18,0.515,0.76,us,us7000cpqz,2021-02-20T16:11:06.040Z,"27 km E of Yilan, Taiwan",earthquake,3.8,1.6,0.061,26,reviewed,us,us
2020-12-08T00:47:24.531Z,22.5204,144.7385,20,5.5,mww,,15,5.112,0.64,us,us7000cp05,2021-02-12T22:40:16.040Z,"Volcano Islands, Japan region",earthquake,2.5,1.8,0.053,34,reviewed,us,us
2020-12-06T16:47:42.643Z,-20.3947,-69.0609,105,6.1,mww,,30,0.266,1.17,us,us7000cnnz,2021-02-12T22:39:44.040Z,"115 km E of Iquique, Chile",earthquake,3.1,1.9,0.05,39,reviewed,us,us
2020-12-02T19:40:23.036Z,-6.1892,-107.3854,10,5.5,mww,,106,17.921,0.98,us,us7000cm92,2021-02-12T22:38:23.040Z,"central East Pacific Rise",earthquake,11.8,1.8,0.061,26,reviewed,us,us
2020-12-01T20:52:57.066Z,-61.9496,154.7341,10,6,mww,,29,7.795,0.85,us,us7000clt8,2021-02-06T18:29:34.040Z,"Balleny Islands region",earthquake,9.5,1.7,0.083,14,reviewed,us,us
2020-12-01T16:35:48.161Z,53.6855,-150.5827,10,5.7,mww,,31,3.545,0.56,us,us7000clp0,2021-02-06T18:29:29.040Z,"south of Alaska",earthquake,7.6,1.8,0.054,33,reviewed,us,us
2020-12-01T16:22:39.923Z,52.7551,-168.2401,23,6.4,mww,,61,0.64,0.75,us,us7000clnv,2021-04-20T16:33:32.819Z,"46 km ESE of Nikolski, Alaska",earthquake,3.3,1.7,0.025,150,reviewed,us,us
2020-11-30T22:55:03.914Z,-24.3221,-67.0048,189,6.3,mww,,32,1.737,1.06,us,us7000clbs,2021-02-06T18:29:21.040Z,"70 km W of San Antonio de los Cobres, Argentina",earthquake,7.6,1.8,0.043,52,reviewed,us,us
2020-11-30T22:54:34.601Z,48.2521,140.7971,589,6.4,mww,,26,1.854,0.94,us,us7000clbu,2021-02-06T18:29:22.040Z,"88 km SSE of Sovetskaya Gavan’, Russia",earthquake,6,1.9,0.04,60,reviewed,us,us
2020-11-30T04:59:09.984Z,52.7448,-168.2605,34,5.5,mww,,106,0.652,1.15,us,us7000cl2f,2021-02-06T18:29:06.040Z,"45 km ESE of Nikolski, Alaska",earthquake,6.3,1.8,0.04,59,reviewed,us,us
2020-11-29T23:56:54.428Z,-17.6793,-174.7733,10,5.6,mww,,35,4.647,0.98,us,us7000cl0j,2021-02-06T18:29:04.040Z,"136 km NW of Neiafu, Tonga",earthquake,8.1,1.7,0.071,19,reviewed,us,us
2020-11-29T16:40:43.995Z,-23.2591,-65.0281,8,5.8,mww,,34,2.916,1.02,us,us7000ckx5,2021-02-06T18:28:59.040Z,"33 km E of Humahuaca, Argentina",earthquake,5.8,1.8,0.053,34,reviewed,us,us
2020-11-29T09:01:35.283Z,-14.7607,167.2454,108.59,5.6,mww,,32,0.683,0.71,us,us7000cktq,2021-02-06T18:28:55.040Z,"36 km NNE of Port-Olry, Vanuatu",earthquake,8.1,4,0.05,39,reviewed,us,us
2020-11-25T22:56:04.101Z,-61.913,154.9182,10,5.9,mww,,45,7.733,0.57,us,us7000cjr0,2021-02-06T18:28:14.040Z,"Balleny Islands region",earthquake,9,1.7,0.098,10,reviewed,us,us
2020-11-25T22:37:42.962Z,-41.1242,-90.3987,10,5.7,mww,,49,13.57,0.87,us,us7000cjqt,2021-02-06T18:28:14.040Z,"southeast of Easter Island",earthquake,11.5,1.8,0.056,31,reviewed,us,us
2020-11-24T22:02:58.090Z,-8.9759,67.5822,10,5.5,mww,,41,5.065,1.1,us,us6000cs8g,2021-02-03T17:49:53.040Z,"Mid-Indian Ridge",earthquake,8.2,1.8,0.056,31,reviewed,us,us
2020-11-22T10:05:53.849Z,36.5889,141.1105,33,5.5,mww,,86,0.823,0.72,us,us6000crfr,2021-03-31T16:56:47.940Z,"37 km ESE of Takahagi, Japan",earthquake,5.4,1.3,0.098,10,reviewed,us,us
2020-11-22T05:18:37.429Z,-16.7489,174.4645,10,5.5,mww,,67,3.569,0.75,us,us6000cre1,2021-02-03T17:49:21.040Z,"Fiji region",earthquake,7.8,1.8,0.075,17,reviewed,us,us
2020-11-22T00:54:56.794Z,-34.5978,-73.0596,22,6.1,mww,,16,1.016,0.59,us,us6000crcq,2021-02-03T17:50:12.040Z,"100 km NW of Constitución, Chile",earthquake,4.6,1.8,0.034,83,reviewed,us,us
2020-11-21T02:11:48.221Z,-30.9181,-71.4511,51,5.5,mww,,46,0.29,1.06,us,us6000cr45,2021-02-03T17:49:17.040Z,"42 km SW of Ovalle, Chile",earthquake,5.4,1.6,0.052,35,reviewed,us,us
2020-11-20T03:19:15.484Z,-53.9402,140.6723,10,5.7,mww,,52,11.882,0.92,us,us6000cqme,2021-02-03T17:51:06.040Z,"west of Macquarie Island",earthquake,10.9,1.8,0.059,28,reviewed,us,us
2020-11-17T01:44:11.421Z,-2.6706,99.3227,19,6,mww,,23,3.436,0.58,us,us7000cfxq,2021-01-27T17:30:04.040Z,"222 km SSW of Padang, Indonesia",earthquake,7.2,1.7,0.051,37,reviewed,us,us
2020-11-16T22:45:22.404Z,-6.962,155.7366,33,5.5,mww,,39,4.496,0.96,us,us7000cfwd,2021-01-27T17:30:02.040Z,"76 km SSE of Panguna, Papua New Guinea",earthquake,4,1.8,0.078,16,reviewed,us,us
2020-11-15T22:37:43.690Z,8.7572,126.2914,43,6,mww,,26,1.819,0.99,us,us7000cfes,2021-01-27T17:29:45.040Z,"5 km S of Marihatag, Philippines",earthquake,6.2,1.9,0.042,54,reviewed,us,us
2020-11-14T02:56:55.620Z,30.3659,67.435,12.04,5.5,mww,,41,4.379,0.96,us,us7000cet5,2021-01-27T17:29:09.040Z,"16 km SSW of Alik Ghund, Pakistan",earthquake,8.5,3.5,0.08,15,reviewed,us,us
2020-11-13T09:12:43.850Z,-53.1621,160.0486,10,5.7,mww,,51,1.487,0.43,us,us7000ceaa,2021-01-27T17:28:58.040Z,"Macquarie Island region",earthquake,8.5,1.8,0.078,16,reviewed,us,us
2020-11-11T05:17:56.078Z,25.4713,142.75,10,5.7,mww,,44,1.695,0.91,us,us7000cd9a,2021-01-27T17:28:34.040Z,"Volcano Islands, Japan region",earthquake,6.9,1.7,0.063,24,reviewed,us,us
2020-11-11T00:48:44.122Z,-19.7177,-177.561,417,6,mww,,22,4.596,1.11,us,us7000cd6e,2021-01-27T17:28:31.040Z,"291 km WNW of Haveluloto, Tonga",earthquake,9.3,1.9,0.063,24,reviewed,us,us
2020-11-07T09:27:05.498Z,-15.2458,-173.5276,34,6.2,mww,,41,4.54,0.72,us,us7000cbr2,2021-01-23T22:25:33.040Z,"Tonga",earthquake,8.7,1.8,0.053,34,reviewed,us,us
2020-11-07T01:10:32.071Z,25.71,143.6051,16,5.8,mww,,41,8.085,1,us,us7000cbni,2021-01-23T22:25:32.040Z,"Volcano Islands, Japan region",earthquake,3,1.7,0.05,38,reviewed,us,us
2020-11-06T23:49:19.160Z,-62.2342,-58.1924,12.33,5.9,mww,,28,0.22,1.06,us,us7000cbmx,2021-01-23T22:25:32.040Z,"South Shetland Islands",earthquake,5,2.6,0.052,36,reviewed,us,us
2020-11-06T08:56:38.063Z,40.9903,143.255,12,5.5,mww,,114,1.026,0.74,us,us7000cb99,2021-01-23T22:25:31.040Z,"157 km ENE of Hachinohe, Japan",earthquake,5.5,1.8,0.059,28,reviewed,us,us
2020-11-03T08:18:56.633Z,-19.9889,-177.464,388,5.7,mww,,27,4.796,1.06,us,us7000c9mz,2021-01-18T23:02:07.040Z,"267 km WNW of Haveluloto, Tonga",earthquake,8.8,1.9,0.063,24,reviewed,us,us
2020-11-03T02:40:54.919Z,-44.4111,-79.375,10,6,mww,,43,4.334,0.71,us,us7000c9jz,2021-01-18T23:02:05.040Z,"Off the coast of Aisen, Chile",earthquake,8.9,1.8,0.035,78,reviewed,us,us
2020-11-01T03:43:20.342Z,-7.0719,129.2407,182,5.7,mww,,14,2.232,1.08,us,us7000c8va,2021-01-18T23:01:55.040Z,"294 km ENE of Lospalos, Timor Leste",earthquake,2.6,1.8,0.049,40,reviewed,us,us
2020-10-30T22:56:47.691Z,71.5432,-3.2896,10,5.6,mww,,30,8.35,0.74,us,us7000c8fy,2021-01-18T23:01:50.040Z,"206 km ENE of Olonkinbyen, Svalbard and Jan Mayen",earthquake,6.9,1.7,0.043,52,reviewed,us,us
2020-10-30T18:24:41.629Z,-10.1704,-75.1714,36,5.5,mww,,69,2.439,0.69,us,us7000c84t,2021-01-18T23:01:49.040Z,"51 km NNE of Oxapampa, Peru",earthquake,6.3,1.9,0.098,10,reviewed,us,us
2020-10-30T11:51:27.348Z,37.8973,26.7838,21,7,mww,,18,1.518,0.59,us,us7000c7y0,2021-04-20T02:42:36.930Z,"13 km NNE of Néon Karlovásion, Greece",earthquake,1.4,1.8,0.036,75,reviewed,us,us
2020-10-30T11:10:10.978Z,-8.8203,161.0406,20,5.5,mww,,28,1.242,0.89,us,us7000c7xt,2021-01-18T23:01:47.040Z,"38 km E of Auki, Solomon Islands",earthquake,7.1,1.8,0.063,24,reviewed,us,us
2020-10-30T08:38:41.148Z,10.6312,-43.5286,10,5.9,mww,,39,10.563,0.71,us,us7000c7wh,2021-01-18T23:01:46.040Z,"northern Mid-Atlantic Ridge",earthquake,3.8,1.9,0.042,55,reviewed,us,us
2020-10-28T14:53:11.368Z,-29.3186,-71.2397,50,5.8,mww,,101,0.562,0.57,us,us7000c6u9,2021-01-18T23:01:36.040Z,"64 km N of La Serena, Chile",earthquake,4.1,1.8,0.05,38,reviewed,us,us
2020-10-28T14:12:56.449Z,-14.4548,167.415,180,5.8,mww,,33,1.007,0.78,us,us7000c6sn,2021-01-18T23:01:36.040Z,"65 km SSW of Sola, Vanuatu",earthquake,6.8,1.7,0.041,58,reviewed,us,us
2020-10-28T09:02:33.508Z,-14.9365,-75.7131,22,5.6,mww,,122,3.13,0.52,us,us7000c6p3,2021-01-18T23:01:35.040Z,"60 km WSW of Changuillo, Peru",earthquake,7.9,1.9,0.051,37,reviewed,us,us
2020-10-28T04:52:32.177Z,-34.8887,-71.6926,57.62,5.5,mww,,24,0.229,0.77,us,us7000c6lj,2021-01-18T23:01:33.040Z,"34 km W of Rauco, Chile",earthquake,4,3.1,0.05,39,reviewed,us,us
2020-10-28T04:13:42.061Z,53.2019,-173.4156,239.67,5.5,mww,,50,0.917,0.64,us,us7000c6l2,2021-04-14T04:23:53.305Z,"123 km NNE of Atka, Alaska",earthquake,6.8,3.6,0.03,104,reviewed,us,us
2020-10-25T23:43:11.009Z,-56.7013,-141.6486,10,5.5,mww,,29,25.543,0.76,us,us6000cd45,2021-01-09T20:05:26.040Z,"Pacific-Antarctic Ridge",earthquake,10.7,1.7,0.086,13,reviewed,us,us
2020-10-25T11:47:37.759Z,-15.3631,-173.424,39,5.9,mww,,58,4.661,0.75,us,us6000ccyh,2021-01-09T20:05:25.040Z,"Tonga",earthquake,7.9,1.9,0.073,18,reviewed,us,us
2020-10-23T07:04:30.940Z,-25.634,-179.9621,454,6.1,mww,,23,4.025,0.83,us,us6000cbx8,2021-01-09T20:05:21.040Z,"south of the Fiji Islands",earthquake,5.9,2,0.05,38,reviewed,us,us
2020-10-23T01:46:17.720Z,-36.3799,-97.1088,10,5.9,mww,,28,13.892,1.33,us,us6000cbug,2021-01-09T20:05:20.040Z,"West Chile Rise",earthquake,8.1,1.7,0.039,62,reviewed,us,us
2020-10-22T08:24:07.383Z,-20.826,-176.6209,244,5.8,mww,,29,5.89,0.8,us,us6000cb8b,2021-01-09T20:05:18.040Z,"150 km WNW of Haveluloto, Tonga",earthquake,9.2,1.9,0.051,37,reviewed,us,us
2020-10-21T09:13:06.593Z,-25.5231,-70.9323,20,5.7,mww,,101,0.691,0.64,us,us6000caj9,2021-01-09T20:05:15.040Z,"46 km WSW of Taltal, Chile",earthquake,5.1,1.8,0.053,34,reviewed,us,us
2020-10-21T00:22:34.155Z,-19.3323,-172.3327,10,5.9,mww,,26,2.287,1.14,us,us6000cafc,2021-01-09T20:05:15.040Z,"189 km ESE of Neiafu, Tonga",earthquake,7.2,1.7,0.08,15,reviewed,us,us
2020-10-20T13:43:17.460Z,64.0134,-22.1508,10,5.6,mww,,25,0.819,0.74,us,us6000ca0k,2020-12-29T23:08:04.040Z,"11 km SW of Álftanes, Iceland",earthquake,5.5,1.8,0.036,73,reviewed,us,us
2020-10-20T04:07:06.904Z,54.2743,-159.6399,12.82,5.6,mww,,42,0.558,0.51,us,us6000c9u7,2020-12-29T23:07:57.040Z,"130 km SSE of Sand Point, Alaska",earthquake,4.7,3.1,0.039,64,reviewed,us,us
2020-10-19T21:45:25.327Z,54.3371,-159.8425,20.77,5.9,mww,,65,0.516,0.95,us,us6000c9lf,2020-12-29T23:07:45.040Z,"118 km SSE of Sand Point, Alaska",earthquake,5.3,4.2,0.083,14,reviewed,us,us
2020-10-19T21:32:21.891Z,54.3886,-159.8241,26.62,5.5,mb,,116,0.463,0.86,us,us6000c9km,2020-12-29T23:07:45.040Z,"114 km SSE of Sand Point, Alaska",earthquake,3.9,4.5,0.041,208,reviewed,us,us
2020-10-19T21:06:20.397Z,54.5073,-159.729,26.24,5.7,mb,,150,0.334,0.66,us,us6000c9lb,2020-12-29T23:07:44.040Z,"104 km SSE of Sand Point, Alaska",earthquake,6.5,4.6,0.1,36,reviewed,us,us
2020-10-19T21:05:57.335Z,54.4386,-159.6143,22.74,5.7,mb,,135,0.393,0.88,us,us6000c9kb,2020-12-29T23:07:44.040Z,"114 km SSE of Sand Point, Alaska",earthquake,3.9,5.2,0.085,50,reviewed,us,us
2020-10-19T20:54:38.950Z,54.602,-159.6258,28.37,7.6,mww,,36,0.23,0.91,us,us6000c9hg,2021-03-15T15:48:36.759Z,"99 km SE of Sand Point, Alaska",earthquake,5.1,3,0.021,213,reviewed,us,us
2020-10-19T07:47:21.835Z,-3.3848,100.3604,17.03,5.5,mww,,29,2.764,0.67,us,us6000c9cs,2020-12-29T23:07:38.040Z,"186 km SW of Sungai Penuh, Indonesia",earthquake,6.4,3.4,0.078,16,reviewed,us,us
2020-10-19T07:31:30.626Z,-3.3684,100.2706,20,5.6,mww,,31,2.854,0.64,us,us6000c9ci,2020-12-29T23:07:38.040Z,"191 km SW of Sungai Penuh, Indonesia",earthquake,6.1,1.8,0.058,29,reviewed,us,us
2020-10-18T06:58:28.688Z,-3.9177,-81.8157,8,5.5,mww,,56,4.585,0.67,us,us6000c950,2020-12-29T23:07:34.040Z,"76 km WNW of El Alto, Peru",earthquake,5.7,1.7,0.039,62,reviewed,us,us
2020-10-17T10:49:20.339Z,-54.5812,-133.0296,10,5.5,mww,,35,29.556,0.6,us,us6000c8z4,2020-12-29T23:07:31.040Z,"Pacific-Antarctic Ridge",earthquake,9.1,1.7,0.053,34,reviewed,us,us
2020-10-12T04:14:27.168Z,14.5482,-93.5454,10,5.5,mb,,87,1.792,0.81,us,us6000c8sb,2020-12-19T17:22:55.040Z,"107 km SSW of La Esperanza (El Zapotal), Mexico",earthquake,9.4,1.8,0.083,50,reviewed,us,us
2020-10-12T04:13:53.429Z,14.8318,-93.6423,18,5.6,mww,,63,1.39,0.83,us,us6000c7ne,2020-12-19T17:22:47.040Z,"85 km SW of La Esperanza (El Zapotal), Mexico",earthquake,3.8,1.6,0.071,19,reviewed,us,us
2020-10-11T14:41:21.173Z,-28.5658,-112.0664,10,5.6,mww,,60,2.718,0.99,us,us6000c7k9,2020-12-19T17:22:45.040Z,"Easter Island region",earthquake,11.2,1.8,0.066,22,reviewed,us,us
2020-10-10T17:38:00.765Z,24.6661,93.4997,53,5.5,mww,,22,0.849,0.65,us,us6000c7ce,2020-12-19T17:22:44.040Z,"33 km WNW of Moirāng, India",earthquake,4.5,1.9,0.083,14,reviewed,us,us
2020-10-10T13:14:57.129Z,-28.5892,-112.3535,10,5.9,mww,,50,2.95,0.99,us,us6000c7b1,2020-12-19T17:22:43.040Z,"Easter Island region",earthquake,10.6,1.8,0.075,17,reviewed,us,us
2020-10-08T15:58:50.018Z,-5.904,150.8415,30,5.8,mww,,28,1.977,0.83,us,us6000c6si,2020-12-19T17:22:40.040Z,"87 km ESE of Kimbe, Papua New Guinea",earthquake,4.8,1.7,0.054,33,reviewed,us,us
2020-10-08T14:22:39.270Z,52.7723,-168.2804,32,5.7,mww,,59,0.48,1.38,us,us6000c6rg,2020-12-19T17:22:40.040Z,"43 km ESE of Nikolski, Alaska",earthquake,3,1.7,0.032,91,reviewed,us,us
2020-10-08T07:35:32.524Z,-6.0942,146.1738,106,6.3,mww,,13,3.431,0.75,us,us6000c6mu,2020-12-19T17:22:39.040Z,"40 km ENE of Kainantu, Papua New Guinea",earthquake,6.4,1.9,0.055,32,reviewed,us,us
2020-10-06T10:11:46.626Z,-17.9962,-178.4717,633,5.9,mww,,24,3.319,0.9,us,us6000c617,2020-12-12T22:28:42.040Z,"234 km E of Levuka, Fiji",earthquake,10,1.9,0.073,18,reviewed,us,us
2020-10-06T05:54:50.449Z,54.8508,-159.8514,31,5.9,mww,,53,0.152,0.6,us,us6000c5zm,2020-12-12T22:28:41.040Z,"68 km SE of Sand Point, Alaska",earthquake,4.7,1.8,0.025,151,reviewed,us,us
2020-10-04T18:16:53.824Z,13.6082,120.7526,121,5.6,mww,,25,3.931,0.89,us,us6000c5i4,2020-12-12T22:28:39.040Z,"14 km WSW of Tingloy, Philippines",earthquake,7.6,1.9,0.038,67,reviewed,us,us
2020-10-03T09:31:31.262Z,33.4766,140.9412,28.85,5.8,mww,,15,1.01,0.77,us,us6000c54x,2020-12-12T22:28:37.040Z,"193 km SSE of Katsuura, Japan",earthquake,6.6,2.9,0.051,37,reviewed,us,us
2020-10-02T10:17:33.283Z,-62.3622,-58.2612,10,5.7,mww,,70,0.225,0.59,us,us6000c4p5,2020-12-12T22:28:34.040Z,"South Shetland Islands",earthquake,6.2,1.8,0.049,40,reviewed,us,us
2020-10-01T10:34:45.149Z,-5.9961,148.6656,74,6.1,mww,,15,3.7,0.79,us,us6000c3td,2020-12-12T22:28:29.040Z,"100 km WNW of Kandrian, Papua New Guinea",earthquake,6.3,1.9,0.037,71,reviewed,us,us
2020-10-01T01:13:36.524Z,-19.5385,-174.1217,28,6.4,mww,,20,3.988,0.63,us,us6000c3kz,2020-12-12T22:28:27.040Z,"Tonga",earthquake,8.4,1.8,0.053,34,reviewed,us,us
2020-09-27T04:12:17.740Z,51.8905,-169.6828,17,5.5,mww,,69,0.897,1.13,us,us6000c1tj,2021-04-18T04:22:23.863Z,"129 km SSW of Nikolski, Alaska",earthquake,5,1.8,0.039,64,reviewed,us,us
2020-09-27T00:35:24.843Z,-57.1978,-147.7196,10,5.5,mww,,74,25.76,1.1,us,us6000c403,2020-12-05T21:03:10.040Z,"Pacific-Antarctic Ridge",earthquake,15.3,1.8,0.086,13,reviewed,us,us
2020-09-26T17:10:22.462Z,-48.0249,31.7404,10,6.1,mww,,18,13.767,0.68,us,us6000c1np,2020-12-05T21:03:00.040Z,"south of Africa",earthquake,9,1.7,0.052,36,reviewed,us,us
2020-09-24T00:27:49.022Z,-0.2363,-18.8067,10,5.8,mww,,65,8.837,0.77,us,us6000c0cs,2020-12-05T21:02:56.040Z,"central Mid-Atlantic Ridge",earthquake,10,1.8,0.051,37,reviewed,us,us
2020-09-21T18:04:57.669Z,51.8569,103.4802,10,5.5,mww,,28,0.203,0.68,us,us6000bzek,2020-11-28T21:32:01.040Z,"21 km NW of Kultuk, Russia",earthquake,7.4,1.8,0.075,17,reviewed,us,us
2020-09-21T13:37:15.082Z,-4.0426,-104.3789,10,5.8,mww,,59,14.472,0.78,us,us7000bqr4,2020-11-28T21:32:01.040Z,"central East Pacific Rise",earthquake,12.6,1.8,0.062,25,reviewed,us,us
2020-09-21T12:27:56.936Z,-4.0856,-104.2252,10,5.5,mww,,90,22.224,0.57,us,us7000bqqu,2020-11-28T21:32:01.040Z,"central East Pacific Rise",earthquake,12.7,1.8,0.065,23,reviewed,us,us
2020-09-20T22:13:15.030Z,9.2643,126.6862,9,5.6,mww,,43,2.44,0.56,us,us7000bql2,2020-11-28T21:31:59.040Z,"54 km E of Cortes, Philippines",earthquake,6.8,1.4,0.069,20,reviewed,us,us
2020-09-20T09:42:16.757Z,2.586,-95.2352,10,5.5,mww,,148,5.913,0.56,us,us7000bqg0,2020-11-28T21:31:57.040Z,"Galapagos Islands, Ecuador region",earthquake,9.5,1.9,0.046,46,reviewed,us,us
2020-09-19T21:09:31.865Z,-37.5237,77.8874,10,5.8,mww,,28,0.371,0.58,us,us7000bqaf,2020-11-28T21:31:55.040Z,"Mid-Indian Ridge",earthquake,8.7,1.6,0.061,26,reviewed,us,us
2020-09-18T21:43:59.027Z,0.9298,-26.8533,10,6.9,mww,,16,11.255,0.68,us,us7000bq10,2020-11-28T21:31:52.040Z,"central Mid-Atlantic Ridge",earthquake,8.5,1.7,0.032,91,reviewed,us,us
2020-09-18T16:28:17.575Z,35.0368,25.3034,44,5.9,mww,,35,0.421,0.78,us,us7000bpvt,2020-11-28T21:31:51.040Z,"12 km SSE of Arkalochóri, Greece",earthquake,5.9,1.9,0.05,39,reviewed,us,us
2020-09-17T17:01:31.953Z,-16.5183,-177.2594,10,5.5,mww,,93,2.349,0.85,us,us7000bphn,2020-11-28T21:31:48.040Z,"260 km SSE of Alo, Wallis and Futuna",earthquake,7.8,1.8,0.089,12,reviewed,us,us
2020-09-17T10:32:25.906Z,-6.7598,129.3659,185,5.5,mww,,18,2.269,1.09,us,us7000bpbx,2020-11-28T21:31:48.040Z,"Banda Sea",earthquake,7.2,1.9,0.078,16,reviewed,us,us
2020-09-17T03:00:18.282Z,7.7831,-37.0931,10,5.7,mww,,36,13.573,0.96,us,us7000bp8n,2020-11-28T21:31:47.040Z,"central Mid-Atlantic Ridge",earthquake,9.7,1.8,0.041,58,reviewed,us,us
2020-09-16T08:44:28.666Z,-22.3056,171.5856,102,5.7,mww,,45,3.402,1.13,us,us7000bnvp,2020-11-28T21:31:45.040Z,"southeast of the Loyalty Islands",earthquake,7.8,1.9,0.041,57,reviewed,us,us
2020-09-15T04:12:16.258Z,-15.1075,179.8718,10,5.9,mww,,34,3.15,0.67,us,us7000bndc,2020-11-21T20:10:43.040Z,"Fiji",earthquake,7.5,1.7,0.057,30,reviewed,us,us
2020-09-15T03:41:28.036Z,55.9733,158.3783,344,6.4,mww,,25,2.898,0.68,us,us7000bnd1,2020-11-21T20:10:43.040Z,"21 km WNW of Esso, Russia",earthquake,5.9,1.8,0.028,120,reviewed,us,us
2020-09-12T08:34:27.321Z,-17.2562,167.6792,10,5.9,mww,,64,1.856,0.69,us,us7000bmcx,2020-11-21T20:10:38.040Z,"85 km NW of Port-Vila, Vanuatu",earthquake,6.8,1.9,0.043,51,reviewed,us,us
2020-09-12T02:44:11.224Z,38.7482,142.2446,34,6.1,mww,,47,2.232,0.97,us,us7000bm9m,2020-11-21T20:10:37.040Z,"58 km SE of Ōfunato, Japan",earthquake,5.7,1.7,0.057,30,reviewed,us,us
2020-09-12T02:37:29.903Z,-17.8804,-178.0054,559.66,5.6,mww,,36,3.554,1.06,us,us7000bm9g,2020-11-21T20:10:37.040Z,"Fiji region",earthquake,9.1,4.9,0.093,11,reviewed,us,us
2020-09-11T07:35:57.187Z,-21.3968,-69.9096,51,6.2,mww,,72,0.077,0.88,us,us7000blm2,2020-11-21T20:10:36.040Z,"82 km NNE of Tocopilla, Chile",earthquake,6.3,1.9,0.071,19,reviewed,us,us
2020-09-09T07:18:40.291Z,4.1773,126.6447,17,5.7,mww,,32,3.062,1.17,us,us7000bk82,2020-11-21T20:10:33.040Z,"188 km SE of Sarangani, Philippines",earthquake,6.8,1.7,0.089,12,reviewed,us,us
2020-09-08T00:45:20.853Z,-4.8713,129.7548,172,5.9,mww,,13,3.154,0.78,us,us7000bjgb,2020-11-17T19:44:53.040Z,"193 km SSE of Amahai, Indonesia",earthquake,5.3,1.8,0.098,10,reviewed,us,us
2020-09-07T17:40:44.173Z,-24.5115,-111.9893,10,5.6,mww,,34,3.501,1.1,us,us7000bjci,2020-11-17T19:44:52.040Z,"Easter Island region",earthquake,10.1,1.8,0.066,22,reviewed,us,us
2020-09-07T06:29:14.938Z,-17.1622,168.5076,10,5.7,mww,,41,2.116,0.83,us,us7000bj71,2020-11-17T19:44:50.040Z,"66 km NNE of Port-Vila, Vanuatu",earthquake,7,1.8,0.05,38,reviewed,us,us
2020-09-07T06:12:39.688Z,-17.1102,168.5034,10,6.2,mww,,41,2.072,1.03,us,us7000bj6y,2020-11-29T09:47:05.444Z,"72 km NNE of Port-Vila, Vanuatu",earthquake,6.9,1.8,0.058,29,reviewed,us,us
2020-09-06T15:23:43.148Z,6.2693,125.8285,120,6.3,mww,,29,0.832,1.22,us,us7000biyd,2020-11-17T19:44:46.040Z,"17 km E of Talagutong, Philippines",earthquake,7.2,1.9,0.045,47,reviewed,us,us
2020-09-06T14:55:19.447Z,-20.7035,-173.5713,10,5.5,mww,,44,3.792,1.28,us,us7000biy6,2020-11-17T19:44:46.040Z,"127 km SE of Pangai, Tonga",earthquake,7.6,1.8,0.073,18,reviewed,us,us
2020-09-06T06:51:18.470Z,7.6829,-37.1544,10,6.7,mww,,22,15.122,0.72,us,us7000biu8,2020-11-17T19:44:44.040Z,"central Mid-Atlantic Ridge",earthquake,9.2,1.8,0.045,48,reviewed,us,us
2020-09-06T02:59:16.073Z,-17.1562,167.5321,10,6.2,mww,,59,1.728,1.19,us,us7000birm,2020-11-17T19:44:43.040Z,"104 km NW of Port-Vila, Vanuatu",earthquake,6.1,0.9,0.052,36,reviewed,us,us
2020-09-06T01:16:58.935Z,-30.3388,-71.4912,30,6.3,mww,,32,0.356,1.09,us,us7000biqb,2021-01-18T06:15:54.355Z,"40 km NW of Ovalle, Chile",earthquake,5,1.8,0.042,54,reviewed,us,us
2020-09-06T00:21:10.820Z,1.6686,126.5621,30,5.9,mww,,20,1.2,0.89,us,us7000bipw,2020-11-17T19:44:42.040Z,"133 km NW of Ternate, Indonesia",earthquake,5.4,1.7,0.073,18,reviewed,us,us
2020-09-04T17:45:21.829Z,8.3579,-82.9722,13.17,5.6,mww,,35,0.347,0.89,us,us7000bi01,2020-11-17T19:44:35.040Z,"Panama-Costa Rica border region",earthquake,5,2.8,0.037,71,reviewed,us,us
2020-09-01T21:09:17.852Z,-27.9162,-71.3701,16,6.5,mww,,49,0.388,0.9,us,us7000bg4v,2020-11-07T18:48:45.040Z,"94 km NW of Vallenar, Chile",earthquake,4.3,1.6,0.071,19,reviewed,us,us
2020-09-01T10:31:52.471Z,-27.8691,-71.3922,22,5.7,mww,,130,0.436,0.71,us,us7000bfq3,2020-11-07T18:48:43.040Z,"99 km NW of Vallenar, Chile",earthquake,4.1,1.3,0.061,26,reviewed,us,us
2020-09-01T07:01:25.574Z,-27.9964,-71.3814,18.11,5.8,mww,,86,0.341,1.04,us,us7000bfmj,2020-11-07T18:48:42.040Z,"88 km NW of Vallenar, Chile",earthquake,3.7,2.6,0.078,16,reviewed,us,us
2020-09-01T04:30:02.173Z,-28.0315,-71.2662,16.18,6.3,mww,,69,0.242,0.91,us,us7000bfjx,2020-11-07T18:48:42.040Z,"78 km NW of Vallenar, Chile",earthquake,4,3,0.058,29,reviewed,us,us
2020-09-01T04:09:28.470Z,-27.9686,-71.3062,21,6.8,mww,,69,0.312,0.88,us,us7000bfjr,2020-12-15T17:31:10.621Z,"86 km NW of Vallenar, Chile",earthquake,5.5,1.8,0.039,62,reviewed,us,us
2020-09-01T00:51:17.028Z,58.7196,158.9837,10,5.6,mww,,30,4.316,0.73,us,us7000bfij,2020-11-07T18:48:41.040Z,"69 km SW of Palana, Russia",earthquake,7.2,1.7,0.038,67,reviewed,us,us
2020-08-31T21:18:02.693Z,-35.4385,-15.6138,10,5.9,mww,,31,3.122,1.05,us,us7000bfgl,2020-11-07T18:48:40.040Z,"Tristan da Cunha region",earthquake,7.9,1.7,0.063,24,reviewed,us,us
2020-08-31T20:28:08.904Z,-54.9713,-130.1897,10,5.8,mww,,53,31.205,1.17,us,us7000bffs,2020-11-07T18:48:40.040Z,"Pacific-Antarctic Ridge",earthquake,5.3,1.8,0.073,18,reviewed,us,us
2020-08-31T17:24:04.946Z,-4.0158,70.1973,10,6.1,mww,,22,4.041,1.28,us,us7000bfbx,2020-11-07T18:48:40.040Z,"Chagos Archipelago region",earthquake,8,1.7,0.047,44,reviewed,us,us
2020-08-30T21:20:29.757Z,0.7821,-29.8656,10,6.5,mww,,31,15.394,0.66,us,us7000bf3k,2020-11-07T18:48:37.040Z,"central Mid-Atlantic Ridge",earthquake,9.3,1.7,0.046,46,reviewed,us,us
2020-08-28T15:47:05.845Z,-36.8973,177.1856,10,5.6,mww,,139,1.114,0.99,us,us7000beek,2020-11-07T18:48:32.040Z,"116 km NE of Maketu, New Zealand",earthquake,8.5,1.8,0.068,21,reviewed,us,us
2020-08-28T02:24:18.151Z,-54.7673,1.4756,10,5.9,mww,,40,17.072,1.14,us,us7000be5j,2020-11-07T18:48:31.040Z,"Bouvet Island region",earthquake,11.3,1.8,0.075,17,reviewed,us,us
2020-08-25T19:08:52.908Z,-5.5454,151.8365,22,6.2,mww,,18,1.25,0.73,us,us7000bcty,2020-10-31T19:06:28.040Z,"141 km SSW of Kokopo, Papua New Guinea",earthquake,5.5,1.7,0.047,43,reviewed,us,us
2020-08-25T19:04:41.328Z,-5.5708,151.804,10,5.5,mb,,41,1.28,0.84,us,us7000bed1,2020-10-31T19:06:35.040Z,"145 km SSW of Kokopo, Papua New Guinea",earthquake,8.1,1.8,0.053,122,reviewed,us,us
2020-08-25T19:02:58.437Z,-5.5579,151.8638,23,6,mww,,16,1.259,0.72,us,us7000bctq,2020-10-31T19:06:28.040Z,"141 km SSW of Kokopo, Papua New Guinea",earthquake,5.8,1.8,0.055,32,reviewed,us,us
2020-08-25T05:18:11.310Z,-4.0329,-80.815,28,5.5,mww,,30,3.911,0.67,us,us7000bcgc,2020-10-31T19:06:26.040Z,"9 km WNW of Papayal, Peru",earthquake,6.3,1.3,0.057,30,reviewed,us,us
2020-08-24T21:51:09.259Z,9.5785,-84.6376,20,6,mww,,84,0.644,1.26,us,us7000bcbv,2021-03-29T21:03:52.438Z,"4 km SSW of Jacó, Costa Rica",earthquake,5.5,1.8,0.041,57,reviewed,us,us
2020-08-24T17:14:55.764Z,-15.2904,-174.088,10,5.6,mww,,75,2.62,1.4,us,us7000bc4w,2020-10-31T19:06:23.040Z,"79 km NNW of Hihifo, Tonga",earthquake,8.8,1.8,0.08,15,reviewed,us,us
2020-08-22T11:58:48.512Z,-49.8998,-115.6265,10,5.6,mww,,78,31.989,1.11,us,us7000bcmy,2020-10-31T19:06:27.040Z,"southern East Pacific Rise",earthquake,8.5,1.9,0.068,21,reviewed,us,us
2020-08-22T10:21:29.589Z,-7.1347,-12.9698,10,5.5,mww,,32,1.59,0.57,us,us6000bizy,2020-10-31T19:06:16.040Z,"181 km ENE of Georgetown, Saint Helena",earthquake,9,1.8,0.059,28,reviewed,us,us
2020-08-22T08:38:01.740Z,-7.1849,-12.972,10,5.8,mww,,41,1.563,0.55,us,us6000biyj,2020-10-31T19:06:16.040Z,"Ascension Island region",earthquake,6.3,1.8,0.046,45,reviewed,us,us
2020-08-22T00:39:35.576Z,-4.0808,100.9938,21,5.5,mww,,30,1.976,0.8,us,us6000biub,2020-10-31T19:06:15.040Z,"144 km WSW of Bengkulu, Indonesia",earthquake,6.5,1.7,0.073,18,reviewed,us,us
2020-08-21T04:09:51.930Z,-6.71,123.4649,624,6.9,mww,,20,2.267,1.31,us,us6000bi4p,2020-10-31T19:06:13.040Z,"222 km SSE of Katabu, Indonesia",earthquake,8.8,1.9,0.052,36,reviewed,us,us
2020-08-18T22:29:24.731Z,-4.2069,101.2411,26,6.9,mww,,25,1.716,0.81,us,us6000bgvu,2020-10-24T20:09:05.040Z,"122 km WSW of Bengkulu, Indonesia",earthquake,6.6,1.8,0.033,86,reviewed,us,us
2020-08-18T22:23:59.497Z,-4.3217,101.1347,22,6.8,mww,,34,1.816,0.91,us,us6000bgvl,2020-10-24T20:09:05.040Z,"138 km WSW of Bengkulu, Indonesia",earthquake,7.3,1.8,0.063,24,reviewed,us,us
2020-08-18T04:40:32.916Z,-36.3626,52.2739,10,5.8,mww,,36,10.063,0.94,us,us6000bgdq,2020-10-24T20:09:01.040Z,"Southwest Indian Ridge",earthquake,9.4,1.7,0.098,10,reviewed,us,us
2020-08-18T00:03:48.566Z,12.0257,124.1272,10,6.6,mww,,14,5.128,0.73,us,us6000bgbr,2020-10-24T20:09:00.040Z,"13 km E of San Pedro, Philippines",earthquake,7.1,1.6,0.06,27,reviewed,us,us
2020-08-16T20:05:50.279Z,51.2142,-171.088,18,5.8,mww,,69,2.151,0.88,us,us6000bfpw,2021-04-18T20:15:56.704Z,"241 km ESE of Atka, Alaska",earthquake,6.5,1.8,0.035,79,reviewed,us,us
2020-08-15T06:40:37.719Z,-22.7578,-112.3155,10,5.8,mww,,44,5.103,0.67,us,us6000bf3f,2020-10-24T20:08:52.040Z,"Easter Island region",earthquake,9.1,1.9,0.052,35,reviewed,us,us
2020-08-13T06:40:00.548Z,53.4301,-163.7134,28,5.7,mww,,119,1.36,0.82,us,us6000bduv,2021-04-15T06:50:05.007Z,"156 km ESE of Akutan, Alaska",earthquake,4.2,1.9,0.029,117,reviewed,us,us
2020-08-12T22:40:45.802Z,28.0443,65.9578,13.98,5.6,mww,,37,6.993,0.74,us,us6000bdq8,2020-10-24T20:08:46.040Z,"57 km SSW of Surab, Pakistan",earthquake,7.1,2.1,0.083,14,reviewed,us,us
2020-08-12T22:32:38.305Z,19.8876,121.2803,10,5.5,mww,,27,2.921,0.56,us,us6000bdq1,2020-10-24T20:08:46.040Z,"95 km SW of Basco, Philippines",earthquake,6.9,1.8,0.057,30,reviewed,us,us
2020-08-12T17:13:16.180Z,-7.3327,39.8126,17.55,6,mww,,26,5.245,0.99,us,us6000bdg8,2020-10-24T20:08:46.040Z,"66 km NNE of Kilindoni, Tanzania",earthquake,9.5,2.9,0.047,43,reviewed,us,us
2020-08-10T14:13:27.331Z,16.8638,-85.8536,10,5.7,mww,,28,3.108,0.78,us,us6000bbu3,2020-10-21T22:04:04.040Z,"45 km N of Savannah Bight, Honduras",earthquake,6.6,1.8,0.041,57,reviewed,us,us
2020-08-09T23:42:33.593Z,-53.0167,11.5801,10,5.7,mww,,18,19.771,0.95,us,us6000bbmw,2020-10-21T22:04:02.040Z,"southwest of Africa",earthquake,10.1,1.7,0.063,24,reviewed,us,us
2020-08-09T12:42:13.079Z,0.9296,-27.7257,10,5.5,mww,,50,10.568,0.49,us,us6000bbh7,2020-10-21T22:04:01.040Z,"central Mid-Atlantic Ridge",earthquake,9.6,1.7,0.058,29,reviewed,us,us
2020-08-08T14:42:54.082Z,54.7143,-161.1058,38.61,5.5,mww,,106,0.617,1.16,us,us6000bb4r,2020-10-21T22:03:58.040Z,"79 km SSW of Sand Point, Alaska",earthquake,3.6,3.6,0.033,87,reviewed,us,us
2020-08-06T23:36:44.553Z,-41.6794,42.4486,10,6.3,mww,,18,8.274,0.8,us,us6000badi,2020-10-21T22:03:55.040Z,"Prince Edward Islands region",earthquake,8.7,1.7,0.046,45,reviewed,us,us
2020-08-05T12:05:36.589Z,-16.0944,168.065,181.88,6.4,mww,,24,1.05,0.78,us,us6000b9mv,2020-10-21T22:03:52.040Z,"69 km E of Lakatoro, Vanuatu",earthquake,7.6,2.9,0.034,83,reviewed,us,us
2020-08-04T19:17:51.654Z,13.3483,-92.0069,5.48,5.8,mww,,26,1.208,1.02,us,us6000b9cc,2020-10-10T17:11:16.040Z,"105 km S of Champerico, Guatemala",earthquake,5.4,2.7,0.048,42,reviewed,us,us
2020-08-04T16:31:18.873Z,-12.5623,166.6146,70,5.6,mww,,48,2.924,1.38,us,us6000b993,2020-10-10T17:11:15.040Z,"177 km NW of Sola, Vanuatu",earthquake,5.4,1.9,0.049,40,reviewed,us,us
2020-08-04T09:37:37.015Z,38.1878,38.698,10,5.6,mww,,30,0.947,0.91,us,us6000b930,2020-10-10T17:11:13.040Z,"18 km NNE of Sincik, Turkey",earthquake,3.1,1.7,0.053,34,reviewed,us,us
2020-08-03T21:16:19.928Z,-61.4142,161.4239,10,5.6,mww,,40,7.058,0.8,us,us6000b8vp,2020-10-10T17:11:12.040Z,"Balleny Islands region",earthquake,13.8,1.8,0.078,16,reviewed,us,us
2020-08-03T11:56:52.129Z,-19.5898,-69.1855,101.56,5.5,mww,,42,0.078,0.86,us,us6000b8pf,2020-10-10T17:11:11.040Z,"122 km NE of Iquique, Chile",earthquake,5.7,3.2,0.054,33,reviewed,us,us
2020-08-02T09:29:57.474Z,-3.0983,148.9161,10,5.9,mww,,52,1.869,0.92,us,us6000b8b6,2020-10-10T17:11:09.040Z,"216 km WSW of Kavieng, Papua New Guinea",earthquake,7.3,1.9,0.061,26,reviewed,us,us
2020-08-02T03:01:33.864Z,-20.8168,173.4732,10,5.7,mww,,107,5.123,1.07,us,us6000b88w,2020-10-10T17:11:09.040Z,"Vanuatu region",earthquake,8,1.8,0.052,36,reviewed,us,us
2020-08-01T19:45:49.285Z,-22.8055,-175.8836,20.28,5.6,mww,,35,6.671,0.79,us,us6000b84u,2020-10-10T17:11:08.040Z,"189 km SSW of ‘Ohonua, Tonga",earthquake,7.7,3.6,0.071,19,reviewed,us,us
2020-08-01T19:22:05.163Z,-3.1951,148.6496,10,6.1,mww,,23,1.718,0.67,us,us6000b84f,2020-10-10T17:11:08.040Z,"199 km SE of Lorengau, Papua New Guinea",earthquake,6.1,1.7,0.046,45,reviewed,us,us
2020-08-01T19:08:49.710Z,-3.1882,148.7475,10,5.7,mww,,50,1.788,0.5,us,us6000b849,2020-10-10T17:11:08.040Z,"207 km SE of Lorengau, Papua New Guinea",earthquake,6.5,1.8,0.061,26,reviewed,us,us
2020-08-01T17:09:01.952Z,7.2932,124.1331,483,6.4,mww,,13,1.451,1.04,us,us6000b80p,2020-12-16T06:50:08.965Z,"11 km SW of Polloc, Philippines",earthquake,7.4,1.9,0.027,129,reviewed,us,us
2020-08-01T09:17:17.522Z,-22.9245,-13.5001,10,5.5,mww,,46,10.072,0.47,us,us6000b7wu,2020-10-10T17:11:07.040Z,"southern Mid-Atlantic Ridge",earthquake,4.6,1.8,0.075,17,reviewed,us,us
2020-07-31T10:02:16.044Z,-8.8214,152.7763,10,5.6,mww,,35,4.64,0.41,us,us6000b7d1,2020-10-10T17:11:04.040Z,"D'Entrecasteaux Islands region",earthquake,8.1,1.8,0.075,17,reviewed,us,us
2020-07-31T06:06:41.589Z,8.5416,126.5987,28,5.7,mww,,32,1.777,0.97,us,us6000b7ai,2020-10-10T17:11:04.040Z,"34 km ENE of Hinatuan, Philippines",earthquake,8.2,1.9,0.052,36,reviewed,us,us
2020-07-30T19:16:50.124Z,-19.0784,-173.3356,10,5.7,mww,,32,3.223,0.96,us,us6000b72l,2020-10-10T17:11:04.040Z,"83 km SE of Neiafu, Tonga",earthquake,7.9,1.7,0.08,15,reviewed,us,us
2020-07-30T00:35:56.884Z,30.6287,141.7721,14.25,5.8,mww,,15,2.986,0.84,us,us6000b6i4,2020-10-10T17:11:01.040Z,"Izu Islands, Japan region",earthquake,6.2,2.5,0.048,42,reviewed,us,us
2020-07-29T09:12:16.363Z,54.9443,-160.3298,39,5.6,mww,,74,0.414,1.1,us,us6000b5zl,2020-10-10T17:11:00.040Z,"44 km SSE of Sand Point, Alaska",earthquake,4.4,1.8,0.031,101,reviewed,us,us
2020-07-28T08:03:43.215Z,54.7905,-161.2041,35.15,6.1,mww,,37,0.523,1.29,us,us6000b56k,2020-10-03T17:32:28.040Z,"Alaska Peninsula",earthquake,2.6,3.2,0.024,163,reviewed,us,us
2020-07-27T19:34:37.979Z,54.9365,-160.3108,37.48,5.5,mww,,42,0.424,1.27,us,us6000b4yh,2020-10-03T17:32:27.040Z,"46 km SSE of Sand Point, Alaska",earthquake,4.5,1.9,0.034,84,reviewed,us,us
2020-07-27T17:32:45.227Z,9.0183,126.2681,43.39,5.8,mww,,26,2.052,1.18,us,us6000b4ug,2020-10-03T17:32:27.040Z,"Mindanao, Philippines",earthquake,7.3,3.1,0.047,44,reviewed,us,us
2020-07-26T00:53:59.061Z,-60.7833,-25.413,10,6.4,mww,,20,8.818,0.57,us,us6000b46r,2020-10-03T17:32:23.040Z,"South Sandwich Islands region",earthquake,8.7,1.7,0.046,45,reviewed,us,us
2020-07-24T03:19:50.979Z,15.5641,-96.0043,11,5.5,mww,,95,0.227,1.14,us,us6000b35c,2020-10-03T17:32:18.040Z,"26 km SSE of Crucecita, Mexico",earthquake,5.5,1.9,0.036,75,reviewed,us,us
2020-07-22T21:39:58.521Z,55.2459,-159.344,35.64,5.5,mww,,49,0.439,0.76,us,us6000b29h,2020-10-03T17:32:15.040Z,"73 km S of Ivanof Bay, Alaska",earthquake,4.6,4.5,0.044,50,reviewed,us,us
2020-07-22T20:07:19.194Z,33.1438,86.8637,10,6.3,mww,,14,5.168,0.88,us,us6000b26j,2020-10-03T17:32:15.040Z,"western Xizang",earthquake,2.8,1.7,0.071,19,reviewed,us,us
2020-07-22T08:13:30.171Z,55.2036,-159.3181,45.22,5.7,mwr,,32,0.404,1.18,us,us7000asy0,2020-10-03T17:32:41.040Z,"76 km ESE of Sand Point, Alaska",earthquake,4.7,4.8,0.05,39,reviewed,us,us
2020-07-22T06:20:07.865Z,54.7461,-158.875,24.6,5.6,mb,,167,0.422,1.29,us,us7000aswr,2020-10-03T17:32:40.040Z,"122 km ESE of Sand Point, Alaska",earthquake,5.4,1.7,0.14,18,reviewed,us,us
2020-07-22T06:16:18.627Z,54.969,-159.0413,16.53,6.1,mb,,145,0.345,0.73,us,us7000asx4,2020-10-03T17:32:40.040Z,"101 km ESE of Sand Point, Alaska",earthquake,3.6,2.5,0.101,37,reviewed,us,us
2020-07-22T06:12:44.810Z,55.0715,-158.596,28,7.8,mww,,60,0.621,0.97,us,us7000asvb,2021-04-14T06:23:00.255Z,"99 km SSE of Perryville, Alaska",earthquake,5.4,1.9,0.019,261,reviewed,us,us
2020-07-21T20:56:25.167Z,-20.8045,-178.6325,605.2,6,mww,,34,6.479,0.98,us,us7000asms,2020-09-26T16:58:44.040Z,"Fiji region",earthquake,8.6,2.9,0.068,21,reviewed,us,us
2020-07-18T15:32:36.835Z,-15.2553,-172.694,12,6.1,mww,,56,1.603,1.11,us,us7000aqwd,2020-09-26T16:58:36.040Z,"141 km ENE of Hihifo, Tonga",earthquake,7.2,1.8,0.043,52,reviewed,us,us
2020-07-18T01:37:15.512Z,-10.4102,161.394,48,5.8,mww,,35,1.721,1.13,us,us7000aqpi,2020-09-26T16:58:35.040Z,"57 km W of Kirakira, Solomon Islands",earthquake,7.5,1.9,0.049,40,reviewed,us,us
2020-07-17T18:32:58.716Z,12.0979,94.9745,5.07,5.7,mww,,33,2.227,1.18,us,us7000aqj0,2020-09-26T16:58:35.040Z,"247 km E of Port Blair, India",earthquake,5.7,2.8,0.057,30,reviewed,us,us
2020-07-17T14:03:40.437Z,11.8485,94.9362,10,6.1,mww,,61,2.155,0.84,us,us7000aqaw,2020-09-26T16:58:34.040Z,"239 km E of Port Blair, India",earthquake,6.1,1.8,0.043,53,reviewed,us,us
2020-07-17T05:40:36.300Z,-20.2355,-70.1328,73.56,5.9,mww,,30,0.635,1.18,us,us7000aq5p,2021-02-15T18:31:15.742Z,"3 km SE of Iquique, Chile",earthquake,4.3,1.5,0.08,15,reviewed,us,us
2020-07-17T02:50:22.178Z,-7.836,147.7704,73,7,mww,,18,1.671,1.1,us,us7000aq3e,2020-10-08T07:52:43.279Z,"114 km NNW of Popondetta, Papua New Guinea",earthquake,6.8,1.9,0.054,33,reviewed,us,us
2020-07-15T21:39:40.208Z,7.4645,-81.91,6.59,5.8,mww,,37,1.529,0.63,us,us7000apd0,2020-09-26T16:58:31.040Z,"69 km WSW of Río Grande, Panama",earthquake,4.6,2.9,0.046,45,reviewed,us,us
2020-07-14T23:33:58.152Z,-7.2022,120.4556,584.48,5.7,mww,,34,2.268,1.01,us,us7000anpp,2020-09-19T20:58:23.040Z,"155 km N of Ruteng, Indonesia",earthquake,9.4,5.7,0.049,40,reviewed,us,us
2020-07-06T22:54:47.538Z,-5.6023,110.6893,533.76,6.6,mww,,14,1.458,1.16,us,us7000aj3w,2020-09-11T22:14:22.040Z,"97 km N of Batang, Indonesia",earthquake,8.7,2.7,0.056,31,reviewed,us,us
2020-07-06T18:19:09.971Z,31.5275,138.1263,388.56,5.7,mww,,35,2.118,0.69,us,us7000aiyp,2020-09-11T22:14:21.040Z,"Izu Islands, Japan region",earthquake,6.8,4.2,0.071,19,reviewed,us,us
2020-07-06T18:16:18.418Z,12.0809,140.2476,10,6.2,mww,,19,4.749,0.95,us,us7000aixy,2020-09-11T22:14:21.040Z,"257 km N of Fais, Micronesia",earthquake,7.5,1.7,0.058,29,reviewed,us,us
2020-07-06T12:58:04.288Z,21.0329,144.8578,125,5.5,mww,,34,5.828,0.73,us,us7000aiqf,2021-04-19T13:08:11.778Z,"Mariana Islands region",earthquake,3.9,1.9,0.063,24,reviewed,us,us
2020-07-05T18:50:01.333Z,-14.9002,167.3834,115,5.8,mww,,62,0.57,0.94,us,us7000aid9,2020-09-11T22:14:17.040Z,"Vanuatu",earthquake,9.3,1.8,0.063,24,reviewed,us,us
2020-07-05T08:53:34.372Z,53.2962,-160.4182,10,5.5,mww,,40,1.613,0.6,us,us7000ai7p,2021-04-18T09:03:48.201Z,"227 km S of Sand Point, Alaska",earthquake,5.5,1.8,0.032,92,reviewed,us,us
2020-07-04T01:34:45.174Z,-9.6799,154.9027,10,5.5,mww,,38,4.981,1.27,us,us7000ahpd,2020-09-11T22:14:08.040Z,"275 km SW of Gizo, Solomon Islands",earthquake,8,1.7,0.046,45,reviewed,us,us
2020-06-29T19:40:12.948Z,-11.5062,-13.5309,10,5.7,mww,,36,2.758,0.9,us,us7000ael8,2020-09-05T17:35:34.040Z,"Ascension Island region",earthquake,9.2,1.8,0.065,23,reviewed,us,us
2020-06-25T21:05:18.140Z,35.5948,82.4158,10,6.3,mww,,24,6.134,0.63,us,us7000abmk,2020-09-05T17:35:21.040Z,"278 km SE of Hotan, China",earthquake,7,1.7,0.062,25,reviewed,us,us
2020-06-25T06:08:28.131Z,-26.1281,70.7905,10,5.5,mww,,48,14.645,0.72,us,us7000aaq2,2020-09-05T17:35:18.040Z,"Indian Ocean Triple Junction",earthquake,7.2,1.8,0.058,29,reviewed,us,us
2020-06-24T22:20:02.174Z,-44.6494,167.4756,10.8,5.6,mww,,25,0.846,0.63,us,us7000aag4,2020-09-05T17:35:17.040Z,"87 km NNW of Te Anau, New Zealand",earthquake,4.1,2.5,0.061,26,reviewed,us,us
2020-06-24T19:47:45.011Z,35.4711,141.0738,29.05,5.9,mww,,33,0.642,0.97,us,us7000aabt,2021-02-13T18:27:00.293Z,"36 km SE of Hasaki, Japan",earthquake,5.8,2.8,0.05,39,reviewed,us,us
2020-06-24T17:40:49.240Z,36.4468333,-117.9751667,4.66,5.8,mw,48,67,0.08494,0.19,ci,ci39493944,2021-04-14T17:51:06.818Z,"18km SSE of Lone Pine, CA",earthquake,0.18,0.66,,6,reviewed,ci,ci
2020-06-23T17:50:26.404Z,13.9998,145.587,65.38,5.9,mb,,44,0.808,1.08,us,us6000ahcr,2021-04-13T18:00:38.708Z,"91 km NE of Yigo Village, Guam",earthquake,7.8,4.2,0.023,699,reviewed,us,us
2020-06-23T15:29:04.350Z,15.8861,-96.0077,20,7.4,mww,,30,0.151,1.14,us,us6000ah9t,2021-04-08T01:44:13.384Z,"9 km SE of Santa María Xadani, Mexico",earthquake,2.1,1.8,0.035,79,reviewed,us,us
2020-06-23T07:43:29.219Z,0.0368,123.7866,109,6,mww,,22,1.475,0.9,us,us6000ah1z,2020-08-30T00:01:07.040Z,"97 km SE of Gorontalo, Indonesia",earthquake,5.7,1.9,0.049,40,reviewed,us,us
2020-06-22T14:29:12.430Z,-33.7934,-178.1429,11.04,5.5,mww,,99,4.538,0.49,us,us6000agjg,2020-08-30T00:01:03.040Z,"south of the Kermadec Islands",earthquake,8.5,4.7,0.048,42,reviewed,us,us
2020-06-21T22:40:52.633Z,23.1449,93.2856,10.84,5.6,mww,,23,0.578,0.64,us,us6000ag4u,2020-08-30T00:01:01.040Z,"22 km E of North Vanlaiphai, India",earthquake,4,3,0.068,21,reviewed,us,us
2020-06-21T19:07:54.833Z,66.381,-18.707,10,6,mww,,55,1.969,0.87,us,us6000ag18,2020-10-20T13:54:58.879Z,"27 km NNE of Siglufjörður, Iceland",earthquake,6.9,1.8,0.034,81,reviewed,us,us
2020-06-20T19:26:21.398Z,66.2868,-18.8934,10,5.7,mww,,28,1.848,0.53,us,us6000afj6,2020-08-30T00:00:56.040Z,"15 km N of Siglufjörður, Iceland",earthquake,6.4,1.8,0.043,51,reviewed,us,us
2020-06-19T10:07:56.035Z,-17.4265,-178.9159,544.04,5.6,mww,,34,2.908,0.81,us,us6000aerr,2020-08-30T00:00:50.040Z,"200 km ENE of Levuka, Fiji",earthquake,10,4.2,0.093,11,reviewed,us,us
2020-06-18T16:11:39.955Z,-33.2565,-177.9183,10,5.5,mb,,56,3.999,0.79,us,us6000aea8,2020-08-30T00:00:46.040Z,"south of the Kermadec Islands",earthquake,7.9,1.7,0.04,221,reviewed,us,us
2020-06-18T15:06:15.598Z,-33.1561,-177.9703,10,5.5,mb,,26,3.899,0.85,us,us6000ae7q,2020-08-30T00:00:45.040Z,"south of the Kermadec Islands",earthquake,8,1.7,0.037,259,reviewed,us,us
2020-06-18T12:49:53.844Z,-33.2927,-177.8571,10,7.4,mww,,23,4.035,0.86,us,us6000ae4n,2020-08-30T00:00:45.040Z,"south of the Kermadec Islands",earthquake,7.9,1.7,0.041,56,reviewed,us,us
2020-06-17T06:24:18.242Z,-16.1358,-174.979,281.59,5.6,mww,,53,3.536,0.96,us,us6000adb0,2020-08-30T00:00:40.040Z,"128 km W of Hihifo, Tonga",earthquake,8.2,3.6,0.073,18,reviewed,us,us
2020-06-16T14:30:26.687Z,27.3437,34.7204,10,5.5,mww,,30,2.326,0.93,us,us6000acva,2020-08-22T19:14:57.040Z,"74 km SSE of Sharm el-Sheikh, Egypt",earthquake,6.4,1.6,0.062,25,reviewed,us,us
2020-06-16T01:30:48.397Z,37.8342,72.2035,127,5.6,mww,,18,0.527,0.97,us,us6000ack0,2020-08-22T19:14:55.040Z,"68 km ENE of Khorugh, Tajikistan",earthquake,6.1,1.8,0.068,21,reviewed,us,us
2020-06-15T06:51:31.776Z,39.4226,40.7479,10,5.5,mww,,37,0.625,0.57,us,us6000ac28,2020-08-22T19:14:53.040Z,"18 km E of Yedisu, Turkey",earthquake,4.4,1.8,0.053,34,reviewed,us,us
2020-06-14T14:24:29.501Z,39.4229,40.7073,10,5.9,mww,,24,0.615,0.62,us,us6000abnv,2020-08-22T19:14:51.040Z,"14 km E of Yedisu, Turkey",earthquake,4.7,1.8,0.039,64,reviewed,us,us
2020-06-13T21:08:30.503Z,18.9317,145.1116,622,6.2,mww,,8,3.727,0.95,us,us6000abgq,2021-04-17T21:18:36.394Z,"Pagan region, Northern Mariana Islands",earthquake,8.8,1.9,0.037,71,reviewed,us,us
2020-06-13T15:51:24.069Z,28.8591,128.2713,165,6.6,mww,,18,2.015,1.04,us,us6000abcq,2020-08-22T19:14:49.040Z,"130 km WNW of Naze, Japan",earthquake,7.3,1.9,0.038,68,reviewed,us,us
2020-06-12T02:53:22.587Z,-42.9925,41.7836,10,5.7,mww,,42,7.957,1.22,us,us6000aadz,2020-08-22T19:14:46.040Z,"Prince Edward Islands region",earthquake,4.5,1.7,0.069,20,reviewed,us,us
2020-06-10T19:58:50.008Z,-15.8069,-13.0363,10,6,mww,,29,7.017,1.24,us,us6000a9ik,2020-08-22T19:14:42.040Z,"southern Mid-Atlantic Ridge",earthquake,8.9,1.8,0.057,30,reviewed,us,us
2020-06-10T04:29:20.674Z,-23.4568,179.2275,541.31,5.9,mww,,22,5.788,0.79,us,us6000a93j,2020-08-22T19:14:41.040Z,"south of the Fiji Islands",earthquake,9,3.4,0.059,28,reviewed,us,us
2020-06-09T17:18:14.071Z,27.7199,53.4201,10,5.7,mww,,19,3.725,0.9,us,us6000a8nh,2020-08-18T17:59:11.040Z,"56 km ENE of Mohr, Iran",earthquake,6.4,1.7,0.053,34,reviewed,us,us
2020-06-09T16:08:50.970Z,27.7645,53.3446,10,5.5,mww,,73,3.803,0.75,us,us6000a8lw,2020-08-18T17:59:10.040Z,"51 km ENE of Mohr, Iran",earthquake,6.8,1.9,0.052,36,reviewed,us,us
2020-06-09T04:56:10.343Z,-4.2241,126.3437,10,5.7,mww,,27,4.766,0.84,us,us6000a89s,2020-08-18T17:59:09.040Z,"212 km WSW of Ambon, Indonesia",earthquake,6.2,1.8,0.068,21,reviewed,us,us
2020-06-07T20:06:38.760Z,-5.3441,151.5995,47.78,5.9,mww,,27,1.275,1.35,us,us6000a7kv,2020-08-18T17:59:03.040Z,"New Britain region, Papua New Guinea",earthquake,3.2,3.3,0.046,46,reviewed,us,us
2020-06-07T14:43:24.234Z,-10.6384,166.1781,20.49,5.7,mww,,62,4.883,0.85,us,us6000a7ig,2020-08-18T17:59:02.040Z,"42 km ENE of Lata, Solomon Islands",earthquake,7.1,3.1,0.065,23,reviewed,us,us
2020-06-07T14:36:56.704Z,-10.6606,166.1838,13,5.8,mww,,41,4.86,1.12,us,us6000a7ic,2020-08-18T17:59:02.040Z,"42 km E of Lata, Solomon Islands",earthquake,7,1.9,0.058,29,reviewed,us,us
2020-06-06T10:55:41.996Z,-16.7247,177.346,10,5.7,mww,,85,1.218,0.75,us,us6000a74v,2020-08-18T17:58:57.040Z,"96 km NNW of Ba, Fiji",earthquake,6.3,1.5,0.056,31,reviewed,us,us
2020-06-04T08:49:40.397Z,2.911,128.248,112.86,6.4,mww,,20,2.3,0.86,us,us6000a5r3,2020-08-18T17:58:49.040Z,"133 km NNE of Tobelo, Indonesia",earthquake,6.4,4.7,0.055,32,reviewed,us,us
2020-06-04T01:32:11.140Z,35.6148333,-117.4281667,8.44,5.51,mw,85,45,0.0396,0.21,ci,ci39462536,2021-04-20T16:37:27.267Z,"17km S of Searles Valley, CA",earthquake,0.15,0.45,,6,reviewed,ci,ci
2020-06-03T15:54:04.610Z,-7.0058,116.9276,639.88,5.7,mww,,24,3.111,1.02,us,usd000crm9,2020-08-18T17:58:45.040Z,"167 km NNW of Pototano, Indonesia",earthquake,7.7,2.8,0.056,31,reviewed,us,us
2020-06-03T09:31:35.257Z,-24.6746,-176.7113,69.85,6,mww,,56,4.68,0.89,us,us6000a532,2020-08-18T17:58:45.040Z,"south of the Fiji Islands",earthquake,8.7,4.3,0.089,12,reviewed,us,us
2020-06-03T07:35:36.466Z,-23.274,-68.4677,112,6.8,mww,,21,1.164,1.13,us,us6000a4yi,2020-08-18T17:58:45.040Z,"48 km SW of San Pedro de Atacama, Chile",earthquake,6.8,1.8,0.046,45,reviewed,us,us
2020-05-31T23:25:43.545Z,-23.9036,-176.6033,128,5.8,mww,,30,5.45,0.98,us,us6000a3cn,2020-08-15T20:19:59.040Z,"south of the Fiji Islands",earthquake,7.7,1.8,0.047,44,reviewed,us,us
2020-05-31T05:09:38.593Z,-15.3256,-70.7731,186,6.1,mww,,73,2.57,0.77,us,us6000a316,2020-08-15T20:19:55.040Z,"43 km W of Lampa, Peru",earthquake,5.1,1.8,0.039,63,reviewed,us,us
2020-05-30T18:13:48.078Z,42.4803,143.8087,89,5.6,mww,,35,1.862,0.92,us,us6000a2rt,2020-08-15T20:19:54.040Z,"69 km SE of Obihiro, Japan",earthquake,7,1.9,0.06,27,reviewed,us,us
2020-05-30T13:06:24.005Z,4.071,126.5197,28.61,5.6,mww,,46,3.122,0.84,us,us6000a2n5,2020-08-15T20:19:53.040Z,"188 km SE of Sarangani, Philippines",earthquake,6.3,3.2,0.054,33,reviewed,us,us
2020-05-30T03:21:51.597Z,25.9839,-44.9551,10,5.5,mww,,81,17.669,1.33,us,us6000a2de,2020-08-15T20:19:51.040Z,"Northern Mid-Atlantic Ridge",earthquake,11,1.9,0.041,56,reviewed,us,us
2020-05-28T09:46:46.142Z,-27.7116,-174.8333,10,5.8,mww,,65,3.124,1.36,us,us6000a0x5,2020-08-15T20:19:42.040Z,"Kermadec Islands region",earthquake,5.9,1.6,0.051,37,reviewed,us,us
2020-05-28T07:18:45.146Z,-22.2146,-174.4196,10,6,mww,,21,7.682,0.96,us,us6000a0um,2020-08-15T20:19:41.040Z,"111 km SSE of ‘Ohonua, Tonga",earthquake,8.3,1.8,0.051,37,reviewed,us,us
2020-05-27T07:09:09.853Z,-17.5304,167.8743,9.73,6.2,mww,,27,3.932,1.24,us,us60009zv5,2020-08-15T20:19:36.040Z,"51 km WNW of Port-Vila, Vanuatu",earthquake,9.2,3,0.049,40,reviewed,us,us
2020-05-26T22:52:13.242Z,-17.0404,167.7616,10.4,5.5,mww,,77,1.672,1.16,us,us60009zma,2020-08-08T18:17:33.040Z,"96 km NW of Port-Vila, Vanuatu",earthquake,5,3.6,0.047,44,reviewed,us,us
2020-05-24T19:53:32.262Z,-40.3778,174.9573,46,5.6,mww,,30,0.551,1.1,us,us70009pku,2020-08-08T18:17:56.040Z,"30 km WNW of Foxton, New Zealand",earthquake,4.4,1.8,0.071,19,reviewed,us,us
2020-05-24T02:52:24.009Z,-47.2945,-12.2953,10,5.8,mww,,52,10.219,1.07,us,us70009pag,2020-08-08T18:17:54.040Z,"southern Mid-Atlantic Ridge",earthquake,10.2,1.8,0.075,17,reviewed,us,us
2020-05-23T23:02:27.466Z,-14.8142,66.6947,10,5.5,mww,,42,14.948,0.62,us,us70009p8u,2020-08-08T18:17:54.040Z,"Mid-Indian Ridge",earthquake,9.2,1.7,0.059,28,reviewed,us,us
2020-05-22T08:46:06.973Z,22.4152,-108.1275,10,6.1,mww,,151,2.097,0.7,us,us70009n5p,2020-08-08T18:17:49.040Z,"173 km ESE of La Playa, Mexico",earthquake,5.5,1.7,0.032,91,reviewed,us,us
2020-05-20T23:43:16.920Z,35.1594,20.2775,13.45,5.7,mww,,22,2.416,0.52,us,us70009m4x,2020-08-08T18:17:45.040Z,"224 km SW of Methóni, Greece",earthquake,6.7,3.4,0.048,42,reviewed,us,us
2020-05-18T23:22:35.162Z,34.1855,25.5173,10,5.7,mww,,17,1.215,0.6,us,us70009k7k,2020-08-02T00:28:34.040Z,"92 km S of Néa Anatolí, Greece",earthquake,5.5,1.7,0.073,18,reviewed,us,us
2020-05-16T03:15:44.032Z,-16.0561,168.0032,170.55,5.9,mww,,19,0.979,1.15,us,us70009hnm,2020-08-02T00:30:37.040Z,"62 km E of Lakatoro, Vanuatu",earthquake,6.6,2.9,0.047,44,reviewed,us,us
2020-05-15T15:05:56.324Z,-15.7814,-172.8909,23.87,5.6,mww,,84,4.328,1.3,us,us70009gu8,2020-08-02T00:31:22.040Z,"98 km ENE of Hihifo, Tonga",earthquake,12.2,4,0.075,17,reviewed,us,us
2020-05-15T14:49:21.256Z,-15.582,-173.0811,10,5.7,mww,,121,20.154,0.72,us,us70009gsj,2020-08-02T00:31:23.040Z,"87 km ENE of Hihifo, Tonga",earthquake,8,1.8,0.083,14,reviewed,us,us
2020-05-15T11:03:27.176Z,38.1689,-117.8497,2.7,6.5,ml,27,55.79,0.357,0.2669,nn,nn00725272,2021-04-16T11:13:38.808Z,"Monte Cristo Range, NV Earthquake",earthquake,,2.1,,,reviewed,nn,nn
2020-05-14T05:55:21.140Z,-35.7864,-102.8976,10,5.7,mww,,45,10.23,0.54,us,us70009fun,2020-08-02T00:32:07.040Z,"southeast of Easter Island",earthquake,10.9,1.9,0.075,17,reviewed,us,us
2020-05-12T22:41:12.177Z,-12.0665,166.6485,107,6.6,mww,,12,3.403,1.12,us,us70009f12,2020-07-29T22:14:41.040Z,"175 km SSE of Lata, Solomon Islands",earthquake,7.5,1.8,0.05,39,reviewed,us,us
2020-05-11T01:06:18.743Z,-6.0613,129.9115,10,5.7,mww,,15,2.353,0.92,us,us70009dvh,2020-07-29T22:14:29.040Z,"Banda Sea",earthquake,5.6,1.5,0.061,26,reviewed,us,us
2020-05-10T23:58:33.700Z,36.3571,141.1273,31,5.8,mww,,26,0.767,0.69,us,us70009dus,2020-07-29T22:14:29.040Z,"49 km E of Ōarai, Japan",earthquake,4.2,1.2,0.051,37,reviewed,us,us
2020-05-08T20:45:30.714Z,-29.4394,76.5146,10,5.5,mww,,31,8.381,0.84,us,us70009csg,2020-07-29T22:14:21.040Z,"Mid-Indian Ridge",earthquake,8.4,1.7,0.093,11,reviewed,us,us
2020-05-07T11:21:20.152Z,-4.4643,154.741,471.17,6.1,mww,,19,2.584,0.84,us,us70009bn4,2020-07-29T22:14:14.040Z,"215 km NNW of Arawa, Papua New Guinea",earthquake,8.9,5.7,0.036,76,reviewed,us,us
2020-05-06T13:53:55.940Z,-6.7761,129.7852,96,6.8,mww,,16,1.921,0.76,us,us70009b14,2020-07-29T22:14:10.040Z,"Banda Sea",earthquake,6.4,1.9,0.065,23,reviewed,us,us
2020-05-05T12:02:32.991Z,13.2784,-91.1182,8,5.5,mww,,126,1.359,1.04,us,us70009adl,2020-07-18T21:57:36.040Z,"78 km SSW of Puerto San José, Guatemala",earthquake,7.3,1.7,0.034,81,reviewed,us,us
2020-05-04T13:07:48.414Z,35.6865,140.8749,42.42,5.6,mww,,100,0.593,0.68,us,us700099s8,2020-07-21T19:11:32.040Z,"near the east coast of Honshu, Japan",earthquake,4.8,3.9,0.075,17,reviewed,us,us
2020-05-03T11:54:24.575Z,31.404,128.8393,10,5.9,mww,,22,1.382,0.46,us,us700099b2,2020-07-18T21:57:31.040Z,"139 km WSW of Kushikino, Japan",earthquake,6.1,1.8,0.053,34,reviewed,us,us
2020-05-03T00:44:26.369Z,-15.2734,-70.4586,184.17,5.7,mww,,30,2.145,1.27,us,us7000993j,2020-07-18T21:57:14.040Z,"13 km NW of Lampa, Peru",earthquake,8.3,4.4,0.044,50,reviewed,us,us
2020-05-02T12:51:05.561Z,34.1818,25.7101,10,6.5,mww,,19,1.293,1.01,us,us700098qd,2020-07-18T21:57:12.040Z,"91 km S of Néa Anatolí, Greece",earthquake,6.7,1.8,0.048,42,reviewed,us,us
2020-04-25T02:53:06.698Z,-6.5337,154.2347,19,6.1,mww,,27,3.109,1.18,us,us60009c06,2020-07-11T22:19:00.040Z,"140 km W of Panguna, Papua New Guinea",earthquake,6.1,1.6,0.043,52,reviewed,us,us
2020-04-22T22:31:25.788Z,-22.0797,-175.4957,39.74,5.5,mww,,30,7.444,0.69,us,us60009a5h,2020-07-11T22:18:53.040Z,"100 km SW of ‘Ohonua, Tonga",earthquake,8.5,4.3,0.065,23,reviewed,us,us
2020-04-19T20:39:05.639Z,38.8953,142.0049,38,6.3,mww,,34,2.025,1.18,us,us7000903m,2020-07-09T14:31:32.040Z,"31 km SE of Ōfunato, Japan",earthquake,6.5,1.7,0.05,39,reviewed,us,us
2020-04-18T09:24:18.247Z,27.2034,140.0712,473.69,5.7,mww,,28,1.886,0.99,us,us70008za4,2020-07-09T14:31:25.040Z,"Bonin Islands, Japan region",earthquake,9,4.1,0.08,15,reviewed,us,us
2020-04-18T08:25:37.052Z,27.1264,140.1349,453,6.6,mww,,28,1.827,0.85,us,us70008z89,2020-07-09T14:31:24.040Z,"Bonin Islands, Japan region",earthquake,8.6,2,0.045,48,reviewed,us,us
2020-04-17T16:30:48.433Z,-23.7004,69.4374,10,5.8,mww,,33,16.453,1.1,us,us70008yn9,2020-07-09T14:31:21.040Z,"Mid-Indian Ridge",earthquake,5.1,1.8,0.051,37,reviewed,us,us
2020-04-16T11:45:23.960Z,22.8004,94.0292,10,5.9,mww,,25,0.426,0.93,us,us70008xhp,2020-07-09T14:31:12.040Z,"38 km ESE of Falam, Myanmar",earthquake,6.3,1.7,0.055,32,reviewed,us,us
2020-04-16T08:04:37.829Z,16.9591,-85.6851,12,6.1,mww,,30,3.342,0.97,us,us70008xeb,2020-08-10T21:03:14.394Z,"59 km NNE of Savannah Bight, Honduras",earthquake,6.2,1.8,0.035,77,reviewed,us,us
2020-04-15T21:03:38.115Z,1.1073,126.6767,41.39,5.7,mww,,24,0.766,0.78,us,us70008x2q,2020-07-09T14:31:08.040Z,"86 km WNW of Ternate, Indonesia",earthquake,5.8,4.4,0.066,22,reviewed,us,us
2020-04-15T10:59:28.999Z,9.0335,-74.4338,53,5.7,mww,,20,4.162,0.99,us,us70008wpb,2020-07-09T14:31:07.040Z,"13 km NNE of Pinillos, Colombia",earthquake,7.3,1.9,0.04,59,reviewed,us,us
2020-04-14T01:06:47.913Z,-30.3889,-176.3478,31,6,mww,,14,1.785,0.71,us,us70008vsp,2020-06-30T14:03:07.040Z,"194km SE of Raoul Island, New Zealand",earthquake,7.4,1.8,0.042,54,reviewed,us,us
